stage,complete_id,structure_id,cv_seed,fold,n_train,n_validation,positive_train,positive_validation,log_loss,brier_score,roc_auc,mean_probability,observed_prevalence,prevalence_bias,max_depth,min_samples_leaf,max_features,criterion,max_samples,strategy,sampling_ratio,k_neighbors,calibration,calibration_folds,mdi_GrLivArea,mdi_LotArea,mdi_OverallQual,mdi_OverallCond,mdi_YearBuilt,mdi_YearRemodAdd,mdi_TotalBsmtSF,mdi_GarageArea,mdi_BedroomAbvGr,mdi_Fireplaces,mdi_WoodDeckSF,mdi_OpenPorchSF
calibration_screen,s48|none|r=None|k=None|cal=sigmoid|folds=3,48,9618,1,240,60,38,9,0.44016462665139244,0.13501365341383015,0.6296296296296295,0.11762995429718612,0.15,-0.03237004570281388,8,1,4,log_loss,0.7,none,,,sigmoid,3,0.14319403301885053,0.1350977693863447,0.10869449380035383,0.0767121351205455,0.09465651930972035,0.06203887299022968,0.1016695223252396,0.12816916299940131,0.027385805356358237,0.035575656629896646,0.03285014296213075,0.053955886100928774
calibration_screen,s48|none|r=None|k=None|cal=sigmoid|folds=3,48,9618,2,240,60,38,9,0.3714877525950426,0.11523866332283336,0.8464052287581699,0.14408413414708515,0.15,-0.005915865852914842,8,1,4,log_loss,0.7,none,,,sigmoid,3,0.14221067913274626,0.14973854454787594,0.0932037068135408,0.07573486004525104,0.07850579822783889,0.053430372070418404,0.10239251204278815,0.105541777716076,0.05262438306191665,0.027250380660050665,0.056594019730790986,0.06277296595070622
calibration_screen,s48|none|r=None|k=None|cal=sigmoid|folds=3,48,9618,3,240,60,38,9,0.2987635718738539,0.08480182896988415,0.8660130718954248,0.1706386142698889,0.15,0.020638614269888916,8,1,4,log_loss,0.7,none,,,sigmoid,3,0.13304562607945836,0.13809792281863675,0.09857421770859039,0.060179842771390706,0.08359973350240908,0.08191717124041835,0.1116291767894584,0.10474191970170622,0.04831198455399481,0.0286439983951635,0.051569821620830306,0.05968858481794316
calibration_screen,s48|none|r=None|k=None|cal=sigmoid|folds=3,48,9618,4,240,60,37,10,0.36981406671569833,0.10961392455596107,0.762,0.1594905746911776,0.16666666666666666,-0.007176091975489046,8,1,4,log_loss,0.7,none,,,sigmoid,3,0.14069275761870542,0.14174344974381203,0.09531518412460993,0.04750795546615681,0.09935051522483661,0.06461183097911473,0.10372836789505469,0.0997079124437694,0.05129851462764785,0.023494726027250733,0.06514634103942489,0.06740244480961691
calibration_screen,s48|none|r=None|k=None|cal=sigmoid|folds=3,48,9618,5,240,60,37,10,0.36779647337444266,0.11267238835576579,0.838,0.15814715778336788,0.16666666666666666,-0.008519508883298776,8,1,4,log_loss,0.7,none,,,sigmoid,3,0.1286664289793345,0.14008014819855827,0.09100356743836095,0.07173305500337174,0.09387605610424891,0.06603885492538698,0.09970743034292788,0.10686739286873953,0.04151563639619101,0.03395344867641573,0.055793647740559636,0.07076433332590489
calibration_screen,s48|none|r=None|k=None|cal=sigmoid|folds=5,48,9618,1,240,60,38,9,0.4445895753941694,0.13649595994882435,0.6296296296296295,0.11525582936450228,0.15,-0.034744170635497715,8,1,4,log_loss,0.7,none,,,sigmoid,5,0.14319403301885053,0.1350977693863447,0.10869449380035383,0.0767121351205455,0.09465651930972035,0.06203887299022968,0.1016695223252396,0.12816916299940131,0.027385805356358237,0.035575656629896646,0.03285014296213075,0.053955886100928774
calibration_screen,s48|none|r=None|k=None|cal=sigmoid|folds=5,48,9618,2,240,60,38,9,0.3701870829988924,0.11494769839726221,0.8464052287581699,0.14478450623892158,0.15,-0.00521549376107841,8,1,4,log_loss,0.7,none,,,sigmoid,5,0.14221067913274626,0.14973854454787594,0.0932037068135408,0.07573486004525104,0.07850579822783889,0.053430372070418404,0.10239251204278815,0.105541777716076,0.05262438306191665,0.027250380660050665,0.056594019730790986,0.06277296595070622
calibration_screen,s48|none|r=None|k=None|cal=sigmoid|folds=5,48,9618,3,240,60,38,9,0.2975452794769768,0.08442090493000963,0.8660130718954248,0.1718831813139511,0.15,0.021883181313951117,8,1,4,log_loss,0.7,none,,,sigmoid,5,0.13304562607945836,0.13809792281863675,0.09857421770859039,0.060179842771390706,0.08359973350240908,0.08191717124041835,0.1116291767894584,0.10474191970170622,0.04831198455399481,0.0286439983951635,0.051569821620830306,0.05968858481794316
calibration_screen,s48|none|r=None|k=None|cal=sigmoid|folds=5,48,9618,4,240,60,37,10,0.3660348489744027,0.10836121004440444,0.762,0.16373969379928063,0.16666666666666666,-0.002926972867386024,8,1,4,log_loss,0.7,none,,,sigmoid,5,0.14069275761870542,0.14174344974381203,0.09531518412460993,0.04750795546615681,0.09935051522483661,0.06461183097911473,0.10372836789505469,0.0997079124437694,0.05129851462764785,0.023494726027250733,0.06514634103942489,0.06740244480961691
calibration_screen,s48|none|r=None|k=None|cal=sigmoid|folds=5,48,9618,5,240,60,37,10,0.3601083107482971,0.11053462243357455,0.838,0.16043185173867927,0.16666666666666666,-0.006234814927987387,8,1,4,log_loss,0.7,none,,,sigmoid,5,0.1286664289793345,0.14008014819855827,0.09100356743836095,0.07173305500337174,0.09387605610424891,0.06603885492538698,0.09970743034292788,0.10686739286873953,0.04151563639619101,0.03395344867641573,0.055793647740559636,0.07076433332590489
calibration_screen,s48|none|r=None|k=None|cal=sigmoid|folds=8,48,9618,1,240,60,38,9,0.44106458343991517,0.13557054087169196,0.6296296296296295,0.11906555908369014,0.15,-0.030934440916309855,8,1,4,log_loss,0.7,none,,,sigmoid,8,0.14319403301885053,0.1350977693863447,0.10869449380035383,0.0767121351205455,0.09465651930972035,0.06203887299022968,0.1016695223252396,0.12816916299940131,0.027385805356358237,0.035575656629896646,0.03285014296213075,0.053955886100928774
calibration_screen,s48|none|r=None|k=None|cal=sigmoid|folds=8,48,9618,2,240,60,38,9,0.3670756818167986,0.1143496186665883,0.8464052287581699,0.14528644865783297,0.15,-0.004713551342167027,8,1,4,log_loss,0.7,none,,,sigmoid,8,0.14221067913274626,0.14973854454787594,0.0932037068135408,0.07573486004525104,0.07850579822783889,0.053430372070418404,0.10239251204278815,0.105541777716076,0.05262438306191665,0.027250380660050665,0.056594019730790986,0.06277296595070622
calibration_screen,s48|none|r=None|k=None|cal=sigmoid|folds=8,48,9618,3,240,60,38,9,0.3006783174944717,0.0851966639964472,0.8660130718954248,0.17302364152407554,0.15,0.023023641524075544,8,1,4,log_loss,0.7,none,,,sigmoid,8,0.13304562607945836,0.13809792281863675,0.09857421770859039,0.060179842771390706,0.08359973350240908,0.08191717124041835,0.1116291767894584,0.10474191970170622,0.04831198455399481,0.0286439983951635,0.051569821620830306,0.05968858481794316
calibration_screen,s48|none|r=None|k=None|cal=sigmoid|folds=8,48,9618,4,240,60,37,10,0.36564501551042344,0.10825818656172433,0.762,0.16406919523928548,0.16666666666666666,-0.002597471427381176,8,1,4,log_loss,0.7,none,,,sigmoid,8,0.14069275761870542,0.14174344974381203,0.09531518412460993,0.04750795546615681,0.09935051522483661,0.06461183097911473,0.10372836789505469,0.0997079124437694,0.05129851462764785,0.023494726027250733,0.06514634103942489,0.06740244480961691
calibration_screen,s48|none|r=None|k=None|cal=sigmoid|folds=8,48,9618,5,240,60,37,10,0.35796950490501356,0.11007411525765035,0.838,0.15912688347532397,0.16666666666666666,-0.007539783191342686,8,1,4,log_loss,0.7,none,,,sigmoid,8,0.1286664289793345,0.14008014819855827,0.09100356743836095,0.07173305500337174,0.09387605610424891,0.06603885492538698,0.09970743034292788,0.10686739286873953,0.04151563639619101,0.03395344867641573,0.055793647740559636,0.07076433332590489
calibration_screen,s70|random_over|r=0.2|k=None|cal=sigmoid|folds=3,70,9618,1,240,60,38,9,0.43848390629186657,0.13448807959171727,0.6209150326797386,0.12218070343100963,0.15,-0.027819296568990362,5,1,6,log_loss,1.0,random_over,0.2,,sigmoid,3,0.17924119563059274,0.14396760792514599,0.14219700458232867,0.08540924967511047,0.09003891450576605,0.03865192753187339,0.09544051931845986,0.10342404523891063,0.015645101846714374,0.03341340079797163,0.021295613503921444,0.05127541944320472
calibration_screen,s70|random_over|r=0.2|k=None|cal=sigmoid|folds=3,70,9618,2,240,60,38,9,0.38503048685628444,0.11886240494143631,0.8246187363834422,0.1370750470881906,0.15,-0.012924952911809395,5,1,6,log_loss,1.0,random_over,0.2,,sigmoid,3,0.14574360757099977,0.18673185091984376,0.1218845039589638,0.10279197352459753,0.0614196310874963,0.03168344196198263,0.08194645175548355,0.08547747198124558,0.06886165366214432,0.01333853168158695,0.043090274056278466,0.05703060783937718
calibration_screen,s70|random_over|r=0.2|k=None|cal=sigmoid|folds=3,70,9618,3,240,60,38,9,0.29866684795183723,0.08659484731337033,0.8856209150326797,0.17604803586772502,0.15,0.026048035867725028,5,1,6,log_loss,1.0,random_over,0.2,,sigmoid,3,0.14961311122909232,0.17683360898352735,0.1450176060433376,0.06053363207752253,0.060740205961562786,0.05622590039815679,0.10363778191019214,0.08534882271066666,0.04622056180488327,0.022049323798369047,0.04235979294828827,0.051419652134401084
calibration_screen,s70|random_over|r=0.2|k=None|cal=sigmoid|folds=3,70,9618,4,240,60,37,10,0.36497397934484127,0.10782338416043932,0.77,0.15031956514960798,0.16666666666666666,-0.016347101517058676,5,1,6,log_loss,1.0,random_over,0.2,,sigmoid,3,0.1486457336120828,0.16035662578739174,0.14235174322874788,0.05754611459351063,0.10575354146977291,0.04164522094474685,0.09018520781854633,0.07572387840304433,0.05365127401655573,0.013112488176737496,0.055050184667331775,0.05597798728153155
calibration_screen,s70|random_over|r=0.2|k=None|cal=sigmoid|folds=3,70,9618,5,240,60,37,10,0.3690043597778417,0.11244556730623158,0.8320000000000001,0.15922385334933595,0.16666666666666666,-0.00744281331733071,5,1,6,log_loss,1.0,random_over,0.2,,sigmoid,3,0.14403255901821618,0.16466913092694732,0.10896635150950154,0.0724279640541186,0.09809632680636604,0.04601119619838266,0.09097615658423894,0.09521117014842222,0.038540295910531076,0.03691175692761532,0.043687443908434154,0.06046964800722601
calibration_screen,s70|random_over|r=0.2|k=None|cal=sigmoid|folds=5,70,9618,1,240,60,38,9,0.452017177905945,0.1392378677614504,0.6209150326797386,0.11737187147891759,0.15,-0.032628128521082406,5,1,6,log_loss,1.0,random_over,0.2,,sigmoid,5,0.17924119563059274,0.14396760792514599,0.14219700458232867,0.08540924967511047,0.09003891450576605,0.03865192753187339,0.09544051931845986,0.10342404523891063,0.015645101846714374,0.03341340079797163,0.021295613503921444,0.05127541944320472
calibration_screen,s70|random_over|r=0.2|k=None|cal=sigmoid|folds=5,70,9618,2,240,60,38,9,0.37775661303161495,0.11746582251531677,0.8246187363834422,0.13662220155937593,0.15,-0.013377798440624061,5,1,6,log_loss,1.0,random_over,0.2,,sigmoid,5,0.14574360757099977,0.18673185091984376,0.1218845039589638,0.10279197352459753,0.0614196310874963,0.03168344196198263,0.08194645175548355,0.08547747198124558,0.06886165366214432,0.01333853168158695,0.043090274056278466,0.05703060783937718
calibration_screen,s70|random_over|r=0.2|k=None|cal=sigmoid|folds=5,70,9618,3,240,60,38,9,0.2943118833805991,0.08573198582743494,0.8856209150326797,0.17761656949863963,0.15,0.027616569498639637,5,1,6,log_loss,1.0,random_over,0.2,,sigmoid,5,0.14961311122909232,0.17683360898352735,0.1450176060433376,0.06053363207752253,0.060740205961562786,0.05622590039815679,0.10363778191019214,0.08534882271066666,0.04622056180488327,0.022049323798369047,0.04235979294828827,0.051419652134401084
calibration_screen,s70|random_over|r=0.2|k=None|cal=sigmoid|folds=5,70,9618,4,240,60,37,10,0.36223124343737045,0.10682534664051392,0.77,0.15509942980279598,0.16666666666666666,-0.011567236863870678,5,1,6,log_loss,1.0,random_over,0.2,,sigmoid,5,0.1486457336120828,0.16035662578739174,0.14235174322874788,0.05754611459351063,0.10575354146977291,0.04164522094474685,0.09018520781854633,0.07572387840304433,0.05365127401655573,0.013112488176737496,0.055050184667331775,0.05597798728153155
calibration_screen,s70|random_over|r=0.2|k=None|cal=sigmoid|folds=5,70,9618,5,240,60,37,10,0.3644425490715398,0.11076280353370108,0.8320000000000001,0.1662486721041814,0.16666666666666666,-0.0004179945624852577,5,1,6,log_loss,1.0,random_over,0.2,,sigmoid,5,0.14403255901821618,0.16466913092694732,0.10896635150950154,0.0724279640541186,0.09809632680636604,0.04601119619838266,0.09097615658423894,0.09521117014842222,0.038540295910531076,0.03691175692761532,0.043687443908434154,0.06046964800722601
calibration_screen,s70|random_over|r=0.2|k=None|cal=sigmoid|folds=8,70,9618,1,240,60,38,9,0.44228109765096685,0.13586114450157732,0.6209150326797386,0.12054860602783277,0.15,-0.029451393972167228,5,1,6,log_loss,1.0,random_over,0.2,,sigmoid,8,0.17924119563059274,0.14396760792514599,0.14219700458232867,0.08540924967511047,0.09003891450576605,0.03865192753187339,0.09544051931845986,0.10342404523891063,0.015645101846714374,0.03341340079797163,0.021295613503921444,0.05127541944320472
calibration_screen,s70|random_over|r=0.2|k=None|cal=sigmoid|folds=8,70,9618,2,240,60,38,9,0.37891253717155654,0.11768018814239975,0.8246187363834422,0.13658407475519826,0.15,-0.01341592524480173,5,1,6,log_loss,1.0,random_over,0.2,,sigmoid,8,0.14574360757099977,0.18673185091984376,0.1218845039589638,0.10279197352459753,0.0614196310874963,0.03168344196198263,0.08194645175548355,0.08547747198124558,0.06886165366214432,0.01333853168158695,0.043090274056278466,0.05703060783937718
calibration_screen,s70|random_over|r=0.2|k=None|cal=sigmoid|folds=8,70,9618,3,240,60,38,9,0.29980651903127875,0.08675924551799345,0.8856209150326797,0.178019013314748,0.15,0.028019013314748015,5,1,6,log_loss,1.0,random_over,0.2,,sigmoid,8,0.14961311122909232,0.17683360898352735,0.1450176060433376,0.06053363207752253,0.060740205961562786,0.05622590039815679,0.10363778191019214,0.08534882271066666,0.04622056180488327,0.022049323798369047,0.04235979294828827,0.051419652134401084
calibration_screen,s70|random_over|r=0.2|k=None|cal=sigmoid|folds=8,70,9618,4,240,60,37,10,0.3582612523163492,0.10560540675859884,0.77,0.15418098620770515,0.16666666666666666,-0.012485680458961507,5,1,6,log_loss,1.0,random_over,0.2,,sigmoid,8,0.1486457336120828,0.16035662578739174,0.14235174322874788,0.05754611459351063,0.10575354146977291,0.04164522094474685,0.09018520781854633,0.07572387840304433,0.05365127401655573,0.013112488176737496,0.055050184667331775,0.05597798728153155
calibration_screen,s70|random_over|r=0.2|k=None|cal=sigmoid|folds=8,70,9618,5,240,60,37,10,0.3570406580563113,0.108807815380166,0.8320000000000001,0.166047208269047,0.16666666666666666,-0.0006194583976196488,5,1,6,log_loss,1.0,random_over,0.2,,sigmoid,8,0.14403255901821618,0.16466913092694732,0.10896635150950154,0.0724279640541186,0.09809632680636604,0.04601119619838266,0.09097615658423894,0.09521117014842222,0.038540295910531076,0.03691175692761532,0.043687443908434154,0.06046964800722601
calibration_screen,s69|smote|r=0.2|k=4|cal=sigmoid|folds=3,69,9618,1,240,60,38,9,0.4347666751096381,0.13323559212072478,0.6427015250544662,0.11780477408712017,0.15,-0.03219522591287982,8,2,4,log_loss,1.0,smote,0.2,4.0,sigmoid,3,0.145740980676928,0.14242508100541837,0.1123286029078466,0.08694513697015317,0.08458044534286953,0.057220737151015534,0.09476756368363824,0.11694543687705351,0.02723250168577762,0.042341495103345464,0.029165152657975195,0.06030686593797886
calibration_screen,s69|smote|r=0.2|k=4|cal=sigmoid|folds=3,69,9618,2,240,60,38,9,0.37418243710883997,0.11551844809753194,0.8202614379084967,0.14656047014336215,0.15,-0.0034395298566378407,8,2,4,log_loss,1.0,smote,0.2,4.0,sigmoid,3,0.12667074744627976,0.17061811789924028,0.10080268808658528,0.08456012338217447,0.07725293212584917,0.05037078685279768,0.09583784637427581,0.09380566306076146,0.05063592753222579,0.022233558902644474,0.05573986258707631,0.0714717457500895
calibration_screen,s69|smote|r=0.2|k=4|cal=sigmoid|folds=3,69,9618,3,240,60,38,9,0.30019628866212783,0.08590801871022438,0.8660130718954248,0.16753525348490003,0.15,0.017535253484900037,8,2,4,log_loss,1.0,smote,0.2,4.0,sigmoid,3,0.13415080904717688,0.1484620978440397,0.11089706368128151,0.053075500241275574,0.08522279120254511,0.0841142371327785,0.11471544899599335,0.0966604100761435,0.04531516999075916,0.028905379777921847,0.04928099724038723,0.049200094769697805
calibration_screen,s69|smote|r=0.2|k=4|cal=sigmoid|folds=3,69,9618,4,240,60,37,10,0.38399162183815844,0.11523346623993898,0.748,0.15810028325732786,0.16666666666666666,-0.008566383409338796,8,2,4,log_loss,1.0,smote,0.2,4.0,sigmoid,3,0.1476280443241506,0.15799040887630666,0.09858538574243156,0.04596644918642337,0.10058269160330365,0.06449157773552602,0.10105612468430375,0.09066733192386171,0.03943558063460159,0.02123522948533155,0.08129896842182174,0.05106220738193779
calibration_screen,s69|smote|r=0.2|k=4|cal=sigmoid|folds=3,69,9618,5,240,60,37,10,0.3717553010492582,0.11396350715153723,0.8300000000000001,0.1595996124586253,0.16666666666666666,-0.007067054208041351,8,2,4,log_loss,1.0,smote,0.2,4.0,sigmoid,3,0.14070154506538407,0.15094450973716542,0.08876956470928997,0.08708065282765008,0.07482417515193822,0.06364548427089677,0.10121066967552686,0.10009623814174826,0.03173555098002133,0.035808511594301505,0.06292513291301356,0.062257964933063986
calibration_screen,s69|smote|r=0.2|k=4|cal=sigmoid|folds=5,69,9618,1,240,60,38,9,0.43806364162804107,0.1340811815685094,0.6427015250544662,0.11386469596430399,0.15,-0.03613530403569601,8,2,4,log_loss,1.0,smote,0.2,4.0,sigmoid,5,0.145740980676928,0.14242508100541837,0.1123286029078466,0.08694513697015317,0.08458044534286953,0.057220737151015534,0.09476756368363824,0.11694543687705351,0.02723250168577762,0.042341495103345464,0.029165152657975195,0.06030686593797886
calibration_screen,s69|smote|r=0.2|k=4|cal=sigmoid|folds=5,69,9618,2,240,60,38,9,0.37046790635440724,0.11480147969050404,0.8202614379084967,0.14561843241356406,0.15,-0.0043815675864359305,8,2,4,log_loss,1.0,smote,0.2,4.0,sigmoid,5,0.12667074744627976,0.17061811789924028,0.10080268808658528,0.08456012338217447,0.07725293212584917,0.05037078685279768,0.09583784637427581,0.09380566306076146,0.05063592753222579,0.022233558902644474,0.05573986258707631,0.0714717457500895
calibration_screen,s69|smote|r=0.2|k=4|cal=sigmoid|folds=5,69,9618,3,240,60,38,9,0.2959913295322111,0.08491450485464513,0.8660130718954248,0.16666622476414059,0.15,0.01666622476414059,8,2,4,log_loss,1.0,smote,0.2,4.0,sigmoid,5,0.13415080904717688,0.1484620978440397,0.11089706368128151,0.053075500241275574,0.08522279120254511,0.0841142371327785,0.11471544899599335,0.0966604100761435,0.04531516999075916,0.028905379777921847,0.04928099724038723,0.049200094769697805
calibration_screen,s69|smote|r=0.2|k=4|cal=sigmoid|folds=5,69,9618,4,240,60,37,10,0.3823485129773135,0.11473445777353436,0.748,0.15750056305041493,0.16666666666666666,-0.009166103616251725,8,2,4,log_loss,1.0,smote,0.2,4.0,sigmoid,5,0.1476280443241506,0.15799040887630666,0.09858538574243156,0.04596644918642337,0.10058269160330365,0.06449157773552602,0.10105612468430375,0.09066733192386171,0.03943558063460159,0.02123522948533155,0.08129896842182174,0.05106220738193779
calibration_screen,s69|smote|r=0.2|k=4|cal=sigmoid|folds=5,69,9618,5,240,60,37,10,0.3672969614313262,0.11270158701587282,0.8300000000000001,0.16207343335438593,0.16666666666666666,-0.004593233312280731,8,2,4,log_loss,1.0,smote,0.2,4.0,sigmoid,5,0.14070154506538407,0.15094450973716542,0.08876956470928997,0.08708065282765008,0.07482417515193822,0.06364548427089677,0.10121066967552686,0.10009623814174826,0.03173555098002133,0.035808511594301505,0.06292513291301356,0.062257964933063986
calibration_screen,s69|smote|r=0.2|k=4|cal=sigmoid|folds=8,69,9618,1,240,60,38,9,0.4377024325189646,0.13458398145217304,0.6427015250544662,0.11883200839404151,0.15,-0.031167991605958484,8,2,4,log_loss,1.0,smote,0.2,4.0,sigmoid,8,0.145740980676928,0.14242508100541837,0.1123286029078466,0.08694513697015317,0.08458044534286953,0.057220737151015534,0.09476756368363824,0.11694543687705351,0.02723250168577762,0.042341495103345464,0.029165152657975195,0.06030686593797886
calibration_screen,s69|smote|r=0.2|k=4|cal=sigmoid|folds=8,69,9618,2,240,60,38,9,0.3686683467777836,0.11440648408302033,0.8202614379084967,0.14652175629967104,0.15,-0.0034782437003289535,8,2,4,log_loss,1.0,smote,0.2,4.0,sigmoid,8,0.12667074744627976,0.17061811789924028,0.10080268808658528,0.08456012338217447,0.07725293212584917,0.05037078685279768,0.09583784637427581,0.09380566306076146,0.05063592753222579,0.022233558902644474,0.05573986258707631,0.0714717457500895
calibration_screen,s69|smote|r=0.2|k=4|cal=sigmoid|folds=8,69,9618,3,240,60,38,9,0.3051377716495252,0.0872871385457244,0.8660130718954248,0.16647582451164974,0.15,0.01647582451164975,8,2,4,log_loss,1.0,smote,0.2,4.0,sigmoid,8,0.13415080904717688,0.1484620978440397,0.11089706368128151,0.053075500241275574,0.08522279120254511,0.0841142371327785,0.11471544899599335,0.0966604100761435,0.04531516999075916,0.028905379777921847,0.04928099724038723,0.049200094769697805
calibration_screen,s69|smote|r=0.2|k=4|cal=sigmoid|folds=8,69,9618,4,240,60,37,10,0.3817789733595121,0.11459734941642473,0.748,0.15743852358917632,0.16666666666666666,-0.009228143077490342,8,2,4,log_loss,1.0,smote,0.2,4.0,sigmoid,8,0.1476280443241506,0.15799040887630666,0.09858538574243156,0.04596644918642337,0.10058269160330365,0.06449157773552602,0.10105612468430375,0.09066733192386171,0.03943558063460159,0.02123522948533155,0.08129896842182174,0.05106220738193779
calibration_screen,s69|smote|r=0.2|k=4|cal=sigmoid|folds=8,69,9618,5,240,60,37,10,0.3620292320934819,0.11160300118808088,0.8300000000000001,0.159601323282416,0.16666666666666666,-0.007065343384250661,8,2,4,log_loss,1.0,smote,0.2,4.0,sigmoid,8,0.14070154506538407,0.15094450973716542,0.08876956470928997,0.08708065282765008,0.07482417515193822,0.06364548427089677,0.10121066967552686,0.10009623814174826,0.03173555098002133,0.035808511594301505,0.06292513291301356,0.062257964933063986
calibration_screen,s69|random_over|r=0.2|k=None|cal=sigmoid|folds=3,69,9618,1,240,60,38,9,0.4369563431837108,0.13347922514505406,0.6339869281045751,0.12016735370534132,0.15,-0.029832646294658677,8,2,4,log_loss,1.0,random_over,0.2,,sigmoid,3,0.14917550496545517,0.14359332308600575,0.11773838376497746,0.07719010774789611,0.08502041526461422,0.05632457436942037,0.10587122585723953,0.11482041586990746,0.023109004359521082,0.03580216523659765,0.03339235075995821,0.057962528718406944
calibration_screen,s69|random_over|r=0.2|k=None|cal=sigmoid|folds=3,69,9618,2,240,60,38,9,0.37695441286096365,0.11627900985138512,0.8311546840958606,0.14443844217733331,0.15,-0.0055615578226666795,8,2,4,log_loss,1.0,random_over,0.2,,sigmoid,3,0.13990249632627208,0.16026735670438624,0.09351661117316637,0.09171855685229417,0.074093097074885,0.054516706752789044,0.09825153606307421,0.09646440692020503,0.058529479041742785,0.01884797128959531,0.054902651118246416,0.058989130683343424
calibration_screen,s69|random_over|r=0.2|k=None|cal=sigmoid|folds=3,69,9618,3,240,60,38,9,0.3054453135011739,0.0877294380292852,0.8638344226579522,0.17016761571603486,0.15,0.02016761571603487,8,2,4,log_loss,1.0,random_over,0.2,,sigmoid,3,0.1389757422395766,0.14058455094412772,0.10081612448068611,0.053719466884816255,0.08413817171071462,0.07943785450533865,0.11785464575117216,0.10131972904889365,0.04158506720475723,0.02740334165472904,0.059235854335167294,0.05492945124002085
calibration_screen,s69|random_over|r=0.2|k=None|cal=sigmoid|folds=3,69,9618,4,240,60,37,10,0.3679660754465306,0.1091535511387629,0.766,0.15816054316883496,0.16666666666666666,-0.008506123497831697,8,2,4,log_loss,1.0,random_over,0.2,,sigmoid,3,0.14194261602166347,0.14631075029854063,0.11438580152067132,0.051406138382455,0.10490148012059886,0.06344107481247355,0.10211855020644053,0.09186652273779126,0.04762033950229722,0.018726592649909116,0.06417760899390848,0.053102524753250606
calibration_screen,s69|random_over|r=0.2|k=None|cal=sigmoid|folds=3,69,9618,5,240,60,37,10,0.3644293801483162,0.110105137461796,0.824,0.1626144954696758,0.16666666666666666,-0.004052171196990861,8,2,4,log_loss,1.0,random_over,0.2,,sigmoid,3,0.1358854112430208,0.14755611258074675,0.09112061956849696,0.06037128250660264,0.10075853084928889,0.06659679627232215,0.1024446223540111,0.10403712622257058,0.036739728653453776,0.033153238070489394,0.055375232593440606,0.06596129908555637
calibration_screen,s69|random_over|r=0.2|k=None|cal=sigmoid|folds=5,69,9618,1,240,60,38,9,0.44434941396963745,0.13564670212746133,0.6339869281045751,0.11504667001891734,0.15,-0.03495332998108265,8,2,4,log_loss,1.0,random_over,0.2,,sigmoid,5,0.14917550496545517,0.14359332308600575,0.11773838376497746,0.07719010774789611,0.08502041526461422,0.05632457436942037,0.10587122585723953,0.11482041586990746,0.023109004359521082,0.03580216523659765,0.03339235075995821,0.057962528718406944
calibration_screen,s69|random_over|r=0.2|k=None|cal=sigmoid|folds=5,69,9618,2,240,60,38,9,0.3716909696620135,0.1152002436300915,0.8311546840958606,0.14413010144854402,0.15,-0.0058698985514559765,8,2,4,log_loss,1.0,random_over,0.2,,sigmoid,5,0.13990249632627208,0.16026735670438624,0.09351661117316637,0.09171855685229417,0.074093097074885,0.054516706752789044,0.09825153606307421,0.09646440692020503,0.058529479041742785,0.01884797128959531,0.054902651118246416,0.058989130683343424
calibration_screen,s69|random_over|r=0.2|k=None|cal=sigmoid|folds=5,69,9618,3,240,60,38,9,0.30529589444550004,0.08765405018841531,0.8638344226579522,0.17107342410105134,0.15,0.02107342410105134,8,2,4,log_loss,1.0,random_over,0.2,,sigmoid,5,0.1389757422395766,0.14058455094412772,0.10081612448068611,0.053719466884816255,0.08413817171071462,0.07943785450533865,0.11785464575117216,0.10131972904889365,0.04158506720475723,0.02740334165472904,0.059235854335167294,0.05492945124002085
calibration_screen,s69|random_over|r=0.2|k=None|cal=sigmoid|folds=5,69,9618,4,240,60,37,10,0.3661352036198803,0.10854396206619495,0.766,0.1625540683437787,0.16666666666666666,-0.0041125983228879615,8,2,4,log_loss,1.0,random_over,0.2,,sigmoid,5,0.14194261602166347,0.14631075029854063,0.11438580152067132,0.051406138382455,0.10490148012059886,0.06344107481247355,0.10211855020644053,0.09186652273779126,0.04762033950229722,0.018726592649909116,0.06417760899390848,0.053102524753250606
calibration_screen,s69|random_over|r=0.2|k=None|cal=sigmoid|folds=5,69,9618,5,240,60,37,10,0.35971714452496245,0.10836875089620905,0.824,0.16787887491660733,0.16666666666666666,0.0012122082499406717,8,2,4,log_loss,1.0,random_over,0.2,,sigmoid,5,0.1358854112430208,0.14755611258074675,0.09112061956849696,0.06037128250660264,0.10075853084928889,0.06659679627232215,0.1024446223540111,0.10403712622257058,0.036739728653453776,0.033153238070489394,0.055375232593440606,0.06596129908555637
calibration_screen,s69|random_over|r=0.2|k=None|cal=sigmoid|folds=8,69,9618,1,240,60,38,9,0.4358903873254038,0.13293512169410665,0.6339869281045751,0.11901218038769672,0.15,-0.030987819612303277,8,2,4,log_loss,1.0,random_over,0.2,,sigmoid,8,0.14917550496545517,0.14359332308600575,0.11773838376497746,0.07719010774789611,0.08502041526461422,0.05632457436942037,0.10587122585723953,0.11482041586990746,0.023109004359521082,0.03580216523659765,0.03339235075995821,0.057962528718406944
calibration_screen,s69|random_over|r=0.2|k=None|cal=sigmoid|folds=8,69,9618,2,240,60,38,9,0.3714990613190391,0.11520031815214364,0.8311546840958606,0.14340974157924208,0.15,-0.006590258420757916,8,2,4,log_loss,1.0,random_over,0.2,,sigmoid,8,0.13990249632627208,0.16026735670438624,0.09351661117316637,0.09171855685229417,0.074093097074885,0.054516706752789044,0.09825153606307421,0.09646440692020503,0.058529479041742785,0.01884797128959531,0.054902651118246416,0.058989130683343424
calibration_screen,s69|random_over|r=0.2|k=None|cal=sigmoid|folds=8,69,9618,3,240,60,38,9,0.30937656023813,0.0886836967468829,0.8638344226579522,0.17188922696335454,0.15,0.021889226963354547,8,2,4,log_loss,1.0,random_over,0.2,,sigmoid,8,0.1389757422395766,0.14058455094412772,0.10081612448068611,0.053719466884816255,0.08413817171071462,0.07943785450533865,0.11785464575117216,0.10131972904889365,0.04158506720475723,0.02740334165472904,0.059235854335167294,0.05492945124002085
calibration_screen,s69|random_over|r=0.2|k=None|cal=sigmoid|folds=8,69,9618,4,240,60,37,10,0.3648943403464463,0.10821960471985094,0.766,0.16180083754987618,0.16666666666666666,-0.004865829116790482,8,2,4,log_loss,1.0,random_over,0.2,,sigmoid,8,0.14194261602166347,0.14631075029854063,0.11438580152067132,0.051406138382455,0.10490148012059886,0.06344107481247355,0.10211855020644053,0.09186652273779126,0.04762033950229722,0.018726592649909116,0.06417760899390848,0.053102524753250606
calibration_screen,s69|random_over|r=0.2|k=None|cal=sigmoid|folds=8,69,9618,5,240,60,37,10,0.3548083870989091,0.10700196575186433,0.824,0.16651862815557414,0.16666666666666666,-0.00014803851109251864,8,2,4,log_loss,1.0,random_over,0.2,,sigmoid,8,0.1358854112430208,0.14755611258074675,0.09112061956849696,0.06037128250660264,0.10075853084928889,0.06659679627232215,0.1024446223540111,0.10403712622257058,0.036739728653453776,0.033153238070489394,0.055375232593440606,0.06596129908555637
calibration_screen,s70|smote|r=0.3|k=2|cal=sigmoid|folds=3,70,9618,1,240,60,38,9,0.44548129273961223,0.1382229001277248,0.6209150326797386,0.13533328352082286,0.15,-0.014666716479177139,5,1,6,log_loss,1.0,smote,0.3,2.0,sigmoid,3,0.1568539214148322,0.18992027599908048,0.16269307279474723,0.0884508334115385,0.06182586347189799,0.0331983964301637,0.08361166583373947,0.089738261955237,0.021686421612218773,0.04930661945768064,0.013287060660584408,0.04942760695827963
calibration_screen,s70|smote|r=0.3|k=2|cal=sigmoid|folds=3,70,9618,2,240,60,38,9,0.3809684567940763,0.11746143472967169,0.7766884531590414,0.14584564792091997,0.15,-0.00415435207908002,5,1,6,log_loss,1.0,smote,0.3,2.0,sigmoid,3,0.1457458926416107,0.1722533446092159,0.11519478216792473,0.09776415290048567,0.06800794836928231,0.033034061471743835,0.07779750389424361,0.09582973358619006,0.08653613816884759,0.02919961047453158,0.055611526645881156,0.023025305070042728
calibration_screen,s70|smote|r=0.3|k=2|cal=sigmoid|folds=3,70,9618,3,240,60,38,9,0.3026195887666224,0.08694038134053009,0.863834422657952,0.1774785413305217,0.15,0.027478541330521716,5,1,6,log_loss,1.0,smote,0.3,2.0,sigmoid,3,0.14030433542682083,0.16255701593844227,0.1257917398119242,0.0859474895619438,0.05299813710555128,0.05645841032940034,0.09819661754555384,0.0708615675346664,0.07348651807825456,0.05850365970265675,0.041689993933480246,0.033204515031305545
calibration_screen,s70|smote|r=0.3|k=2|cal=sigmoid|folds=3,70,9618,4,240,60,37,10,0.36428620279664414,0.10888068549050604,0.788,0.15250375492415222,0.16666666666666666,-0.014162911742514439,5,1,6,log_loss,1.0,smote,0.3,2.0,sigmoid,3,0.17369100138611646,0.18068503225351482,0.0997038854598146,0.052447671786499825,0.0854672692767164,0.041001764365738214,0.09560003760448929,0.05969789018147311,0.0936086670523573,0.020344837296660083,0.0665073063041,0.0312446370325198
calibration_screen,s70|smote|r=0.3|k=2|cal=sigmoid|folds=3,70,9618,5,240,60,37,10,0.3681761141308639,0.11454382279932177,0.8460000000000001,0.15787613207407591,0.16666666666666666,-0.008790534592590743,5,1,6,log_loss,1.0,smote,0.3,2.0,sigmoid,3,0.10448070703368306,0.17542272575671303,0.1059372313733473,0.0726847960693845,0.09289101020535276,0.044221247189018036,0.08783019920045698,0.0910216175761273,0.02978176125237383,0.10020673448336033,0.05309359580350885,0.04242837405667413
calibration_screen,s70|smote|r=0.3|k=2|cal=sigmoid|folds=5,70,9618,1,240,60,38,9,0.445549841151066,0.13728111549716884,0.6209150326797386,0.1275479879574474,0.15,-0.022452012042552594,5,1,6,log_loss,1.0,smote,0.3,2.0,sigmoid,5,0.1568539214148322,0.18992027599908048,0.16269307279474723,0.0884508334115385,0.06182586347189799,0.0331983964301637,0.08361166583373947,0.089738261955237,0.021686421612218773,0.04930661945768064,0.013287060660584408,0.04942760695827963
calibration_screen,s70|smote|r=0.3|k=2|cal=sigmoid|folds=5,70,9618,2,240,60,38,9,0.3796609011823666,0.11732032019872665,0.7766884531590414,0.14328109698062216,0.15,-0.006718903019377831,5,1,6,log_loss,1.0,smote,0.3,2.0,sigmoid,5,0.1457458926416107,0.1722533446092159,0.11519478216792473,0.09776415290048567,0.06800794836928231,0.033034061471743835,0.07779750389424361,0.09582973358619006,0.08653613816884759,0.02919961047453158,0.055611526645881156,0.023025305070042728
calibration_screen,s70|smote|r=0.3|k=2|cal=sigmoid|folds=5,70,9618,3,240,60,38,9,0.29895808680019076,0.08600031867970882,0.863834422657952,0.18701469243351856,0.15,0.03701469243351857,5,1,6,log_loss,1.0,smote,0.3,2.0,sigmoid,5,0.14030433542682083,0.16255701593844227,0.1257917398119242,0.0859474895619438,0.05299813710555128,0.05645841032940034,0.09819661754555384,0.0708615675346664,0.07348651807825456,0.05850365970265675,0.041689993933480246,0.033204515031305545
calibration_screen,s70|smote|r=0.3|k=2|cal=sigmoid|folds=5,70,9618,4,240,60,37,10,0.3645288533187282,0.1089417549918363,0.788,0.15373708502082312,0.16666666666666666,-0.01292958164584354,5,1,6,log_loss,1.0,smote,0.3,2.0,sigmoid,5,0.17369100138611646,0.18068503225351482,0.0997038854598146,0.052447671786499825,0.0854672692767164,0.041001764365738214,0.09560003760448929,0.05969789018147311,0.0936086670523573,0.020344837296660083,0.0665073063041,0.0312446370325198
calibration_screen,s70|smote|r=0.3|k=2|cal=sigmoid|folds=5,70,9618,5,240,60,37,10,0.3692014919311112,0.11465658631836277,0.8460000000000001,0.1597562548229384,0.16666666666666666,-0.006910411843728259,5,1,6,log_loss,1.0,smote,0.3,2.0,sigmoid,5,0.10448070703368306,0.17542272575671303,0.1059372313733473,0.0726847960693845,0.09289101020535276,0.044221247189018036,0.08783019920045698,0.0910216175761273,0.02978176125237383,0.10020673448336033,0.05309359580350885,0.04242837405667413
calibration_screen,s70|smote|r=0.3|k=2|cal=sigmoid|folds=8,70,9618,1,240,60,38,9,0.44301691094106216,0.13703321590272913,0.6209150326797386,0.1336351804641767,0.15,-0.016364819535823305,5,1,6,log_loss,1.0,smote,0.3,2.0,sigmoid,8,0.1568539214148322,0.18992027599908048,0.16269307279474723,0.0884508334115385,0.06182586347189799,0.0331983964301637,0.08361166583373947,0.089738261955237,0.021686421612218773,0.04930661945768064,0.013287060660584408,0.04942760695827963
calibration_screen,s70|smote|r=0.3|k=2|cal=sigmoid|folds=8,70,9618,2,240,60,38,9,0.3785065028103881,0.11718659281875345,0.7766884531590414,0.14167927519869097,0.15,-0.00832072480130902,5,1,6,log_loss,1.0,smote,0.3,2.0,sigmoid,8,0.1457458926416107,0.1722533446092159,0.11519478216792473,0.09776415290048567,0.06800794836928231,0.033034061471743835,0.07779750389424361,0.09582973358619006,0.08653613816884759,0.02919961047453158,0.055611526645881156,0.023025305070042728
calibration_screen,s70|smote|r=0.3|k=2|cal=sigmoid|folds=8,70,9618,3,240,60,38,9,0.2988642420364452,0.08598887473249558,0.863834422657952,0.18154560148619694,0.15,0.03154560148619695,5,1,6,log_loss,1.0,smote,0.3,2.0,sigmoid,8,0.14030433542682083,0.16255701593844227,0.1257917398119242,0.0859474895619438,0.05299813710555128,0.05645841032940034,0.09819661754555384,0.0708615675346664,0.07348651807825456,0.05850365970265675,0.041689993933480246,0.033204515031305545
calibration_screen,s70|smote|r=0.3|k=2|cal=sigmoid|folds=8,70,9618,4,240,60,37,10,0.3557186075416226,0.10583494685854825,0.788,0.1618824573392276,0.16666666666666666,-0.00478420932743906,5,1,6,log_loss,1.0,smote,0.3,2.0,sigmoid,8,0.17369100138611646,0.18068503225351482,0.0997038854598146,0.052447671786499825,0.0854672692767164,0.041001764365738214,0.09560003760448929,0.05969789018147311,0.0936086670523573,0.020344837296660083,0.0665073063041,0.0312446370325198
calibration_screen,s70|smote|r=0.3|k=2|cal=sigmoid|folds=8,70,9618,5,240,60,37,10,0.3604752818811763,0.1133413265879897,0.8460000000000001,0.15515892960698477,0.16666666666666666,-0.011507737059681888,5,1,6,log_loss,1.0,smote,0.3,2.0,sigmoid,8,0.10448070703368306,0.17542272575671303,0.1059372313733473,0.0726847960693845,0.09289101020535276,0.044221247189018036,0.08783019920045698,0.0910216175761273,0.02978176125237383,0.10020673448336033,0.05309359580350885,0.04242837405667413
calibration_screen,s46|random_over|r=0.2|k=None|cal=sigmoid|folds=3,46,9618,1,240,60,38,9,0.4467057979155809,0.13676658989701138,0.6209150326797386,0.11911301446753424,0.15,-0.030886985532465758,10,2,6,log_loss,0.7,random_over,0.2,,sigmoid,3,0.1687573703876887,0.14293336142567517,0.11553977324569348,0.06654055492917212,0.08890210084024755,0.05985304382994334,0.11548371473570475,0.10937158995639452,0.01672332067984754,0.03210751907056874,0.033086552932262384,0.050701097966801834
calibration_screen,s46|random_over|r=0.2|k=None|cal=sigmoid|folds=3,46,9618,2,240,60,38,9,0.3780183969855269,0.11658693974791877,0.8093681917211328,0.14755851635162678,0.15,-0.0024414836483732105,10,2,6,log_loss,0.7,random_over,0.2,,sigmoid,3,0.14706978681460342,0.16279146746711462,0.09432379391891388,0.07607030764177272,0.06986617101140455,0.05590580805955395,0.09995249745833848,0.10834586484155462,0.052305545943376414,0.02085524353237945,0.054415579034357425,0.05809793427663051
calibration_screen,s46|random_over|r=0.2|k=None|cal=sigmoid|folds=3,46,9618,3,240,60,38,9,0.3053107173176767,0.08759147899320974,0.8660130718954248,0.17310419917242864,0.15,0.023104199172428647,10,2,6,log_loss,0.7,random_over,0.2,,sigmoid,3,0.14906938234222777,0.1501565009679224,0.0968226315161114,0.05146026530709859,0.08288816420074636,0.07729673731509774,0.10959804072642902,0.11379517264783211,0.03855473025744781,0.021492357115828316,0.05310346934967463,0.055762548253583864
calibration_screen,s46|random_over|r=0.2|k=None|cal=sigmoid|folds=3,46,9618,4,240,60,37,10,0.36739165005044067,0.10907675197151666,0.7659999999999999,0.16142427918829208,0.16666666666666666,-0.005242387478374577,10,2,6,log_loss,0.7,random_over,0.2,,sigmoid,3,0.14024779034152557,0.1461575799940709,0.10642733312262963,0.04507631500905614,0.10458246406706719,0.06324601538961695,0.10498881318888438,0.10174844563410392,0.04367766856201173,0.016778234520055012,0.06949683592414131,0.05757250424683733
calibration_screen,s46|random_over|r=0.2|k=None|cal=sigmoid|folds=3,46,9618,5,240,60,37,10,0.37035173462469984,0.11244743254899543,0.822,0.16059958181168185,0.16666666666666666,-0.0060670848549848055,10,2,6,log_loss,0.7,random_over,0.2,,sigmoid,3,0.1398065744520391,0.16036234723975376,0.0850029284187618,0.05684690657988261,0.09765627029925851,0.06700804599817012,0.10238515911090089,0.10732812717130767,0.03174085783690005,0.03266679202793371,0.05982004252795052,0.0593759483371412
calibration_screen,s46|random_over|r=0.2|k=None|cal=sigmoid|folds=5,46,9618,1,240,60,38,9,0.45275125538135286,0.13849458610866433,0.6209150326797386,0.11516093225432804,0.15,-0.034839067745671956,10,2,6,log_loss,0.7,random_over,0.2,,sigmoid,5,0.1687573703876887,0.14293336142567517,0.11553977324569348,0.06654055492917212,0.08890210084024755,0.05985304382994334,0.11548371473570475,0.10937158995639452,0.01672332067984754,0.03210751907056874,0.033086552932262384,0.050701097966801834
calibration_screen,s46|random_over|r=0.2|k=None|cal=sigmoid|folds=5,46,9618,2,240,60,38,9,0.37302482023668393,0.1155516047900325,0.8093681917211328,0.14927537672476668,0.15,-0.0007246232752333159,10,2,6,log_loss,0.7,random_over,0.2,,sigmoid,5,0.14706978681460342,0.16279146746711462,0.09432379391891388,0.07607030764177272,0.06986617101140455,0.05590580805955395,0.09995249745833848,0.10834586484155462,0.052305545943376414,0.02085524353237945,0.054415579034357425,0.05809793427663051
calibration_screen,s46|random_over|r=0.2|k=None|cal=sigmoid|folds=5,46,9618,3,240,60,38,9,0.30695383532327014,0.0881224540863572,0.8660130718954248,0.17052836021352596,0.15,0.02052836021352597,10,2,6,log_loss,0.7,random_over,0.2,,sigmoid,5,0.14906938234222777,0.1501565009679224,0.0968226315161114,0.05146026530709859,0.08288816420074636,0.07729673731509774,0.10959804072642902,0.11379517264783211,0.03855473025744781,0.021492357115828316,0.05310346934967463,0.055762548253583864
calibration_screen,s46|random_over|r=0.2|k=None|cal=sigmoid|folds=5,46,9618,4,240,60,37,10,0.36417583959212785,0.10793145374077569,0.7659999999999999,0.16608936824569226,0.16666666666666666,-0.0005772984209743981,10,2,6,log_loss,0.7,random_over,0.2,,sigmoid,5,0.14024779034152557,0.1461575799940709,0.10642733312262963,0.04507631500905614,0.10458246406706719,0.06324601538961695,0.10498881318888438,0.10174844563410392,0.04367766856201173,0.016778234520055012,0.06949683592414131,0.05757250424683733
calibration_screen,s46|random_over|r=0.2|k=None|cal=sigmoid|folds=5,46,9618,5,240,60,37,10,0.36498436336131057,0.11061334583308692,0.822,0.16462102436283602,0.16666666666666666,-0.0020456423038306415,10,2,6,log_loss,0.7,random_over,0.2,,sigmoid,5,0.1398065744520391,0.16036234723975376,0.0850029284187618,0.05684690657988261,0.09765627029925851,0.06700804599817012,0.10238515911090089,0.10732812717130767,0.03174085783690005,0.03266679202793371,0.05982004252795052,0.0593759483371412
calibration_screen,s46|random_over|r=0.2|k=None|cal=sigmoid|folds=8,46,9618,1,240,60,38,9,0.44312062336322794,0.1353458558239372,0.6209150326797386,0.11894277507344189,0.15,-0.031057224926558102,10,2,6,log_loss,0.7,random_over,0.2,,sigmoid,8,0.1687573703876887,0.14293336142567517,0.11553977324569348,0.06654055492917212,0.08890210084024755,0.05985304382994334,0.11548371473570475,0.10937158995639452,0.01672332067984754,0.03210751907056874,0.033086552932262384,0.050701097966801834
calibration_screen,s46|random_over|r=0.2|k=None|cal=sigmoid|folds=8,46,9618,2,240,60,38,9,0.37247737717642376,0.11558723702965785,0.8093681917211328,0.14645389990121338,0.15,-0.0035461000987866143,10,2,6,log_loss,0.7,random_over,0.2,,sigmoid,8,0.14706978681460342,0.16279146746711462,0.09432379391891388,0.07607030764177272,0.06986617101140455,0.05590580805955395,0.09995249745833848,0.10834586484155462,0.052305545943376414,0.02085524353237945,0.054415579034357425,0.05809793427663051
calibration_screen,s46|random_over|r=0.2|k=None|cal=sigmoid|folds=8,46,9618,3,240,60,38,9,0.3126694867900005,0.08961644478754198,0.8660130718954248,0.17252167931002566,0.15,0.02252167931002566,10,2,6,log_loss,0.7,random_over,0.2,,sigmoid,8,0.14906938234222777,0.1501565009679224,0.0968226315161114,0.05146026530709859,0.08288816420074636,0.07729673731509774,0.10959804072642902,0.11379517264783211,0.03855473025744781,0.021492357115828316,0.05310346934967463,0.055762548253583864
calibration_screen,s46|random_over|r=0.2|k=None|cal=sigmoid|folds=8,46,9618,4,240,60,37,10,0.3624142841857444,0.10741704021086688,0.7659999999999999,0.16741179031731962,0.16666666666666666,0.0007451236506529624,10,2,6,log_loss,0.7,random_over,0.2,,sigmoid,8,0.14024779034152557,0.1461575799940709,0.10642733312262963,0.04507631500905614,0.10458246406706719,0.06324601538961695,0.10498881318888438,0.10174844563410392,0.04367766856201173,0.016778234520055012,0.06949683592414131,0.05757250424683733
calibration_screen,s46|random_over|r=0.2|k=None|cal=sigmoid|folds=8,46,9618,5,240,60,37,10,0.3590099046221215,0.10889362304870766,0.822,0.1661934996257018,0.16666666666666666,-0.00047316704096486695,10,2,6,log_loss,0.7,random_over,0.2,,sigmoid,8,0.1398065744520391,0.16036234723975376,0.0850029284187618,0.05684690657988261,0.09765627029925851,0.06700804599817012,0.10238515911090089,0.10732812717130767,0.03174085783690005,0.03266679202793371,0.05982004252795052,0.0593759483371412
calibration_screen,s69|none|r=None|k=None|cal=sigmoid|folds=3,69,9618,1,240,60,38,9,0.4407362757731373,0.1346692762547957,0.644880174291939,0.11609608044929884,0.15,-0.033903919550701156,8,2,4,log_loss,1.0,none,,,sigmoid,3,0.14639990346091555,0.1385065991810009,0.11646584296916065,0.08424755243032801,0.0887286215149283,0.0553849176424482,0.10636527156224068,0.12158222541309348,0.02347247877728129,0.038080560730268005,0.029136355698395323,0.05162967061993946
calibration_screen,s69|none|r=None|k=None|cal=sigmoid|folds=3,69,9618,2,240,60,38,9,0.37754588411374274,0.11674628683685219,0.8224400871459695,0.14481765203070132,0.15,-0.005182347969298673,8,2,4,log_loss,1.0,none,,,sigmoid,3,0.14845571229357996,0.15746996502947616,0.0909716043925071,0.08671786517578359,0.07564185020924856,0.056264038136303464,0.10226998061760044,0.0921198963707106,0.04979396356594392,0.022976682664640747,0.058279152619963366,0.05903928892424222
calibration_screen,s69|none|r=None|k=None|cal=sigmoid|folds=3,69,9618,3,240,60,38,9,0.307802890752972,0.089268011930935,0.8681917211328976,0.16928202566959147,0.15,0.019282025669591474,8,2,4,log_loss,1.0,none,,,sigmoid,3,0.13673146829509625,0.14379035689286596,0.10414029970503146,0.054253116890825716,0.07526167914230507,0.08335392947600108,0.1154044566355762,0.1015579802461878,0.045461807549500716,0.028883015757280524,0.05511546195545947,0.0560464274538697
calibration_screen,s69|none|r=None|k=None|cal=sigmoid|folds=3,69,9618,4,240,60,37,10,0.37728433533023276,0.1123846883554097,0.746,0.15801541759840065,0.16666666666666666,-0.008651249068266004,8,2,4,log_loss,1.0,none,,,sigmoid,3,0.14369891959538852,0.15057515775018832,0.0998626823234419,0.05036974917223843,0.10477834374051372,0.06361509248398017,0.10343424281322122,0.09604125101777315,0.047082887248229406,0.019834803881978714,0.0662069369365017,0.05449993303654478
calibration_screen,s69|none|r=None|k=None|cal=sigmoid|folds=3,69,9618,5,240,60,37,10,0.3699337326960253,0.11285011994670183,0.822,0.16154890883666032,0.16666666666666666,-0.005117757830006342,8,2,4,log_loss,1.0,none,,,sigmoid,3,0.13398763432534413,0.14330170062192885,0.09120483504397421,0.07879209893240241,0.08455666776564216,0.0618683569737394,0.1087146757243018,0.1054258746123002,0.03730105543248321,0.03235962384551532,0.05629229353899792,0.0661951831833704
calibration_screen,s69|none|r=None|k=None|cal=sigmoid|folds=5,69,9618,1,240,60,38,9,0.4471639522741638,0.1365459142167365,0.644880174291939,0.11180540409468329,0.15,-0.03819459590531671,8,2,4,log_loss,1.0,none,,,sigmoid,5,0.14639990346091555,0.1385065991810009,0.11646584296916065,0.08424755243032801,0.0887286215149283,0.0553849176424482,0.10636527156224068,0.12158222541309348,0.02347247877728129,0.038080560730268005,0.029136355698395323,0.05162967061993946
calibration_screen,s69|none|r=None|k=None|cal=sigmoid|folds=5,69,9618,2,240,60,38,9,0.37442346181824726,0.11623127397919204,0.8224400871459695,0.14382830308536187,0.15,-0.0061716969146381195,8,2,4,log_loss,1.0,none,,,sigmoid,5,0.14845571229357996,0.15746996502947616,0.0909716043925071,0.08671786517578359,0.07564185020924856,0.056264038136303464,0.10226998061760044,0.0921198963707106,0.04979396356594392,0.022976682664640747,0.058279152619963366,0.05903928892424222
calibration_screen,s69|none|r=None|k=None|cal=sigmoid|folds=5,69,9618,3,240,60,38,9,0.30717087367617385,0.08912451855001595,0.8681917211328976,0.17064919331151077,0.15,0.020649193311510772,8,2,4,log_loss,1.0,none,,,sigmoid,5,0.13673146829509625,0.14379035689286596,0.10414029970503146,0.054253116890825716,0.07526167914230507,0.08335392947600108,0.1154044566355762,0.1015579802461878,0.045461807549500716,0.028883015757280524,0.05511546195545947,0.0560464274538697
calibration_screen,s69|none|r=None|k=None|cal=sigmoid|folds=5,69,9618,4,240,60,37,10,0.3740267444118841,0.11136811751490415,0.746,0.1628310411637913,0.16666666666666666,-0.0038356255028753616,8,2,4,log_loss,1.0,none,,,sigmoid,5,0.14369891959538852,0.15057515775018832,0.0998626823234419,0.05036974917223843,0.10477834374051372,0.06361509248398017,0.10343424281322122,0.09604125101777315,0.047082887248229406,0.019834803881978714,0.0662069369365017,0.05449993303654478
calibration_screen,s69|none|r=None|k=None|cal=sigmoid|folds=5,69,9618,5,240,60,37,10,0.3653881276019593,0.11151293042177746,0.822,0.1632852124972282,0.16666666666666666,-0.003381454169438469,8,2,4,log_loss,1.0,none,,,sigmoid,5,0.13398763432534413,0.14330170062192885,0.09120483504397421,0.07879209893240241,0.08455666776564216,0.0618683569737394,0.1087146757243018,0.1054258746123002,0.03730105543248321,0.03235962384551532,0.05629229353899792,0.0661951831833704
calibration_screen,s69|none|r=None|k=None|cal=sigmoid|folds=8,69,9618,1,240,60,38,9,0.43892787091328916,0.13407955317774894,0.644880174291939,0.11717051830523587,0.15,-0.03282948169476413,8,2,4,log_loss,1.0,none,,,sigmoid,8,0.14639990346091555,0.1385065991810009,0.11646584296916065,0.08424755243032801,0.0887286215149283,0.0553849176424482,0.10636527156224068,0.12158222541309348,0.02347247877728129,0.038080560730268005,0.029136355698395323,0.05162967061993946
calibration_screen,s69|none|r=None|k=None|cal=sigmoid|folds=8,69,9618,2,240,60,38,9,0.37333369934422705,0.11600268597420924,0.8224400871459695,0.1447818746551851,0.15,-0.005218125344814889,8,2,4,log_loss,1.0,none,,,sigmoid,8,0.14845571229357996,0.15746996502947616,0.0909716043925071,0.08671786517578359,0.07564185020924856,0.056264038136303464,0.10226998061760044,0.0921198963707106,0.04979396356594392,0.022976682664640747,0.058279152619963366,0.05903928892424222
calibration_screen,s69|none|r=None|k=None|cal=sigmoid|folds=8,69,9618,3,240,60,38,9,0.31104664903053314,0.08985014540053042,0.8681917211328976,0.1724212855134954,0.15,0.022421285513495398,8,2,4,log_loss,1.0,none,,,sigmoid,8,0.13673146829509625,0.14379035689286596,0.10414029970503146,0.054253116890825716,0.07526167914230507,0.08335392947600108,0.1154044566355762,0.1015579802461878,0.045461807549500716,0.028883015757280524,0.05511546195545947,0.0560464274538697
calibration_screen,s69|none|r=None|k=None|cal=sigmoid|folds=8,69,9618,4,240,60,37,10,0.3737814607257646,0.11131056137491216,0.746,0.1615387801273443,0.16666666666666666,-0.005127886539322363,8,2,4,log_loss,1.0,none,,,sigmoid,8,0.14369891959538852,0.15057515775018832,0.0998626823234419,0.05036974917223843,0.10477834374051372,0.06361509248398017,0.10343424281322122,0.09604125101777315,0.047082887248229406,0.019834803881978714,0.0662069369365017,0.05449993303654478
calibration_screen,s69|none|r=None|k=None|cal=sigmoid|folds=8,69,9618,5,240,60,37,10,0.36138105576507323,0.1105366675445874,0.822,0.16182051670640024,0.16666666666666666,-0.004846149960266416,8,2,4,log_loss,1.0,none,,,sigmoid,8,0.13398763432534413,0.14330170062192885,0.09120483504397421,0.07879209893240241,0.08455666776564216,0.0618683569737394,0.1087146757243018,0.1054258746123002,0.03730105543248321,0.03235962384551532,0.05629229353899792,0.0661951831833704
calibration_screen,s46|none|r=None|k=None|cal=sigmoid|folds=3,46,9618,1,240,60,38,9,0.4439018885065239,0.1365985560590742,0.644880174291939,0.11718527720653023,0.15,-0.03281472279346977,10,2,6,log_loss,0.7,none,,,sigmoid,3,0.15422488484643776,0.14059165300181545,0.10947833161953859,0.0697880578594143,0.09487398024248583,0.06175070076854265,0.10903794915838758,0.12381008614352693,0.01914680977411641,0.0357843451549248,0.03274747131258264,0.0487657301182271
calibration_screen,s46|none|r=None|k=None|cal=sigmoid|folds=3,46,9618,2,240,60,38,9,0.37431520885040476,0.11571855170470523,0.8224400871459695,0.15076717243629326,0.15,0.0007671724362932619,10,2,6,log_loss,0.7,none,,,sigmoid,3,0.1537782290048744,0.1574709304926118,0.09267347587591866,0.07302215264034213,0.07738505510343766,0.058175135427670506,0.10914458424364384,0.10178193323798684,0.04297600922623151,0.023092346225280648,0.053789445565759646,0.05671070295624226
calibration_screen,s46|none|r=None|k=None|cal=sigmoid|folds=3,46,9618,3,240,60,38,9,0.3059615761852536,0.08750544498937388,0.8572984749455338,0.17142225649695242,0.15,0.021422256496952424,10,2,6,log_loss,0.7,none,,,sigmoid,3,0.13978824900530618,0.14688046292953058,0.09943553811017004,0.053300358183659344,0.08071299927091898,0.08387560727740964,0.11366390956555532,0.10862823130504146,0.04199015831415317,0.02531290147525188,0.05158058616037164,0.054830998402631684
calibration_screen,s46|none|r=None|k=None|cal=sigmoid|folds=3,46,9618,4,240,60,37,10,0.3746280138950279,0.11194615188427971,0.768,0.1636242097447648,0.16666666666666666,-0.0030424569219018593,10,2,6,log_loss,0.7,none,,,sigmoid,3,0.1470716999564568,0.1503955471938607,0.09080269920383681,0.043286087663235,0.10381622221498037,0.06705878334471911,0.10056270590469507,0.10876450837057389,0.041698912555170616,0.01866187534131079,0.07173151224656774,0.05614944600459297
calibration_screen,s46|none|r=None|k=None|cal=sigmoid|folds=3,46,9618,5,240,60,37,10,0.36846508751662266,0.11271472767551233,0.828,0.15945076195507327,0.16666666666666666,-0.0072159047115933905,10,2,6,log_loss,0.7,none,,,sigmoid,3,0.1356451211018317,0.15235263865107437,0.08705594409652977,0.07250815467703764,0.085426817289688,0.061348149909077734,0.1076746245192549,0.1131123452793243,0.031475241045368405,0.029778203267849957,0.06083923481346239,0.06278352534950098
calibration_screen,s46|none|r=None|k=None|cal=sigmoid|folds=5,46,9618,1,240,60,38,9,0.4483499213134288,0.13788378153344874,0.644880174291939,0.1138476578150774,0.15,-0.036152342184922595,10,2,6,log_loss,0.7,none,,,sigmoid,5,0.15422488484643776,0.14059165300181545,0.10947833161953859,0.0697880578594143,0.09487398024248583,0.06175070076854265,0.10903794915838758,0.12381008614352693,0.01914680977411641,0.0357843451549248,0.03274747131258264,0.0487657301182271
calibration_screen,s46|none|r=None|k=None|cal=sigmoid|folds=5,46,9618,2,240,60,38,9,0.37230501054087095,0.11529372164198254,0.8224400871459695,0.15218671575580156,0.15,0.002186715755801566,10,2,6,log_loss,0.7,none,,,sigmoid,5,0.1537782290048744,0.1574709304926118,0.09267347587591866,0.07302215264034213,0.07738505510343766,0.058175135427670506,0.10914458424364384,0.10178193323798684,0.04297600922623151,0.023092346225280648,0.053789445565759646,0.05671070295624226
calibration_screen,s46|none|r=None|k=None|cal=sigmoid|folds=5,46,9618,3,240,60,38,9,0.30296405300181983,0.08680380381847191,0.8572984749455338,0.1711527814397376,0.15,0.021152781439737617,10,2,6,log_loss,0.7,none,,,sigmoid,5,0.13978824900530618,0.14688046292953058,0.09943553811017004,0.053300358183659344,0.08071299927091898,0.08387560727740964,0.11366390956555532,0.10862823130504146,0.04199015831415317,0.02531290147525188,0.05158058616037164,0.054830998402631684
calibration_screen,s46|none|r=None|k=None|cal=sigmoid|folds=5,46,9618,4,240,60,37,10,0.37182458111989214,0.1111746997072686,0.768,0.1661057725835007,0.16666666666666666,-0.0005608940831659526,10,2,6,log_loss,0.7,none,,,sigmoid,5,0.1470716999564568,0.1503955471938607,0.09080269920383681,0.043286087663235,0.10381622221498037,0.06705878334471911,0.10056270590469507,0.10876450837057389,0.041698912555170616,0.01866187534131079,0.07173151224656774,0.05614944600459297
calibration_screen,s46|none|r=None|k=None|cal=sigmoid|folds=5,46,9618,5,240,60,37,10,0.3634583689300081,0.11135465123161427,0.828,0.15967752710141292,0.16666666666666666,-0.006989139565253738,10,2,6,log_loss,0.7,none,,,sigmoid,5,0.1356451211018317,0.15235263865107437,0.08705594409652977,0.07250815467703764,0.085426817289688,0.061348149909077734,0.1076746245192549,0.1131123452793243,0.031475241045368405,0.029778203267849957,0.06083923481346239,0.06278352534950098
calibration_screen,s46|none|r=None|k=None|cal=sigmoid|folds=8,46,9618,1,240,60,38,9,0.440724659845061,0.13543069068432656,0.644880174291939,0.11825468003797533,0.15,-0.03174531996202466,10,2,6,log_loss,0.7,none,,,sigmoid,8,0.15422488484643776,0.14059165300181545,0.10947833161953859,0.0697880578594143,0.09487398024248583,0.06175070076854265,0.10903794915838758,0.12381008614352693,0.01914680977411641,0.0357843451549248,0.03274747131258264,0.0487657301182271
calibration_screen,s46|none|r=None|k=None|cal=sigmoid|folds=8,46,9618,2,240,60,38,9,0.3702803770419522,0.11508375897472851,0.8224400871459695,0.14939500620558022,0.15,-0.0006049937944197781,10,2,6,log_loss,0.7,none,,,sigmoid,8,0.1537782290048744,0.1574709304926118,0.09267347587591866,0.07302215264034213,0.07738505510343766,0.058175135427670506,0.10914458424364384,0.10178193323798684,0.04297600922623151,0.023092346225280648,0.053789445565759646,0.05671070295624226
calibration_screen,s46|none|r=None|k=None|cal=sigmoid|folds=8,46,9618,3,240,60,38,9,0.3090208361126734,0.08823507311307328,0.8572984749455338,0.17282718452269868,0.15,0.02282718452269869,10,2,6,log_loss,0.7,none,,,sigmoid,8,0.13978824900530618,0.14688046292953058,0.09943553811017004,0.053300358183659344,0.08071299927091898,0.08387560727740964,0.11366390956555532,0.10862823130504146,0.04199015831415317,0.02531290147525188,0.05158058616037164,0.054830998402631684
calibration_screen,s46|none|r=None|k=None|cal=sigmoid|folds=8,46,9618,4,240,60,37,10,0.3716590748211989,0.11114709462276985,0.768,0.1670061881386994,0.16666666666666666,0.0003395214720327555,10,2,6,log_loss,0.7,none,,,sigmoid,8,0.1470716999564568,0.1503955471938607,0.09080269920383681,0.043286087663235,0.10381622221498037,0.06705878334471911,0.10056270590469507,0.10876450837057389,0.041698912555170616,0.01866187534131079,0.07173151224656774,0.05614944600459297
calibration_screen,s46|none|r=None|k=None|cal=sigmoid|folds=8,46,9618,5,240,60,37,10,0.36053765256297504,0.11055551036248361,0.828,0.16072800753439775,0.16666666666666666,-0.005938659132268903,10,2,6,log_loss,0.7,none,,,sigmoid,8,0.1356451211018317,0.15235263865107437,0.08705594409652977,0.07250815467703764,0.085426817289688,0.061348149909077734,0.1076746245192549,0.1131123452793243,0.031475241045368405,0.029778203267849957,0.06083923481346239,0.06278352534950098
calibration_screen,s48|smote|r=0.2|k=4|cal=sigmoid|folds=3,48,9618,1,240,60,38,9,0.44111137475158313,0.13422189217649388,0.6143790849673203,0.11468280936067994,0.15,-0.035317190639320054,8,1,4,log_loss,0.7,smote,0.2,4.0,sigmoid,3,0.14720984504347573,0.13236681551955592,0.11242291355609928,0.08080634274072843,0.08736534399673829,0.06356413018965046,0.09884056866975734,0.11548883593860501,0.025130915164586414,0.04258091104932215,0.03452132435396603,0.05970205377751497
calibration_screen,s48|smote|r=0.2|k=4|cal=sigmoid|folds=3,48,9618,2,240,60,38,9,0.3694670436070541,0.1144491617157533,0.8464052287581699,0.144831960505127,0.15,-0.005168039494872989,8,1,4,log_loss,0.7,smote,0.2,4.0,sigmoid,3,0.1272688328414007,0.15784563247229613,0.09581090361802362,0.07592466164852596,0.08230319510944134,0.057090085493718065,0.10052009300042183,0.09644949003980402,0.052241813570222055,0.02337734338917359,0.056299174729725,0.07486877408724767
calibration_screen,s48|smote|r=0.2|k=4|cal=sigmoid|folds=3,48,9618,3,240,60,38,9,0.3000736223091037,0.08504346550383862,0.8594771241830065,0.1701761184224854,0.15,0.0201761184224854,8,1,4,log_loss,0.7,smote,0.2,4.0,sigmoid,3,0.13594667022259593,0.13531103325835575,0.107459242842198,0.05214676907773897,0.08311668093608726,0.08465426899137517,0.11307592341959333,0.09494651029770403,0.04825997852867717,0.030173184944013633,0.05351600717431516,0.06139373030734567
calibration_screen,s48|smote|r=0.2|k=4|cal=sigmoid|folds=3,48,9618,4,240,60,37,10,0.37972444105814535,0.11327977323920536,0.7400000000000001,0.1570887446943544,0.16666666666666666,-0.009577921972312248,8,1,4,log_loss,0.7,smote,0.2,4.0,sigmoid,3,0.14430404781016834,0.14444594524140786,0.09983277627862763,0.04326482117768518,0.10390040617076607,0.062064187266318675,0.10481468208286991,0.097389853758937,0.04279451504519476,0.025110397940269254,0.07449959447903756,0.057578772748717776
calibration_screen,s48|smote|r=0.2|k=4|cal=sigmoid|folds=3,48,9618,5,240,60,37,10,0.3710202020572987,0.11337196544986178,0.8099999999999999,0.16398944439166402,0.16666666666666666,-0.0026772222750026387,8,1,4,log_loss,0.7,smote,0.2,4.0,sigmoid,3,0.1379241113554984,0.14290504994275113,0.08562409587435721,0.076707600396664,0.08359433407363638,0.058608886860721104,0.10953456570122799,0.10252168934819673,0.03770317725214048,0.033803963648695576,0.06168933495523583,0.06938319059087522
calibration_screen,s48|smote|r=0.2|k=4|cal=sigmoid|folds=5,48,9618,1,240,60,38,9,0.44280213937758844,0.13498278232197114,0.6143790849673203,0.11591895511630512,0.15,-0.03408104488369487,8,1,4,log_loss,0.7,smote,0.2,4.0,sigmoid,5,0.14720984504347573,0.13236681551955592,0.11242291355609928,0.08080634274072843,0.08736534399673829,0.06356413018965046,0.09884056866975734,0.11548883593860501,0.025130915164586414,0.04258091104932215,0.03452132435396603,0.05970205377751497
calibration_screen,s48|smote|r=0.2|k=4|cal=sigmoid|folds=5,48,9618,2,240,60,38,9,0.36773448766760947,0.11398035824615425,0.8464052287581699,0.14675659095550547,0.15,-0.003243409044494522,8,1,4,log_loss,0.7,smote,0.2,4.0,sigmoid,5,0.1272688328414007,0.15784563247229613,0.09581090361802362,0.07592466164852596,0.08230319510944134,0.057090085493718065,0.10052009300042183,0.09644949003980402,0.052241813570222055,0.02337734338917359,0.056299174729725,0.07486877408724767
calibration_screen,s48|smote|r=0.2|k=4|cal=sigmoid|folds=5,48,9618,3,240,60,38,9,0.2934893470903028,0.08326823459095885,0.8594771241830065,0.1715564060424614,0.15,0.021556406042461396,8,1,4,log_loss,0.7,smote,0.2,4.0,sigmoid,5,0.13594667022259593,0.13531103325835575,0.107459242842198,0.05214676907773897,0.08311668093608726,0.08465426899137517,0.11307592341959333,0.09494651029770403,0.04825997852867717,0.030173184944013633,0.05351600717431516,0.06139373030734567
calibration_screen,s48|smote|r=0.2|k=4|cal=sigmoid|folds=5,48,9618,4,240,60,37,10,0.37749288917841634,0.1126443448149849,0.7400000000000001,0.15908986856552437,0.16666666666666666,-0.007576798101142285,8,1,4,log_loss,0.7,smote,0.2,4.0,sigmoid,5,0.14430404781016834,0.14444594524140786,0.09983277627862763,0.04326482117768518,0.10390040617076607,0.062064187266318675,0.10481468208286991,0.097389853758937,0.04279451504519476,0.025110397940269254,0.07449959447903756,0.057578772748717776
calibration_screen,s48|smote|r=0.2|k=4|cal=sigmoid|folds=5,48,9618,5,240,60,37,10,0.3664054602687807,0.11219399741607772,0.8099999999999999,0.16451976991291992,0.16666666666666666,-0.002146896753746741,8,1,4,log_loss,0.7,smote,0.2,4.0,sigmoid,5,0.1379241113554984,0.14290504994275113,0.08562409587435721,0.076707600396664,0.08359433407363638,0.058608886860721104,0.10953456570122799,0.10252168934819673,0.03770317725214048,0.033803963648695576,0.06168933495523583,0.06938319059087522
calibration_screen,s48|smote|r=0.2|k=4|cal=sigmoid|folds=8,48,9618,1,240,60,38,9,0.4438600428870165,0.13565403991439934,0.6143790849673203,0.11828636016065278,0.15,-0.03171363983934722,8,1,4,log_loss,0.7,smote,0.2,4.0,sigmoid,8,0.14720984504347573,0.13236681551955592,0.11242291355609928,0.08080634274072843,0.08736534399673829,0.06356413018965046,0.09884056866975734,0.11548883593860501,0.025130915164586414,0.04258091104932215,0.03452132435396603,0.05970205377751497
calibration_screen,s48|smote|r=0.2|k=4|cal=sigmoid|folds=8,48,9618,2,240,60,38,9,0.36428236239710576,0.11339076186327286,0.8464052287581699,0.14523050633523713,0.15,-0.004769493664762869,8,1,4,log_loss,0.7,smote,0.2,4.0,sigmoid,8,0.1272688328414007,0.15784563247229613,0.09581090361802362,0.07592466164852596,0.08230319510944134,0.057090085493718065,0.10052009300042183,0.09644949003980402,0.052241813570222055,0.02337734338917359,0.056299174729725,0.07486877408724767
calibration_screen,s48|smote|r=0.2|k=4|cal=sigmoid|folds=8,48,9618,3,240,60,38,9,0.2999051493670333,0.08489591290411386,0.8594771241830065,0.1721158307978901,0.15,0.022115830797890118,8,1,4,log_loss,0.7,smote,0.2,4.0,sigmoid,8,0.13594667022259593,0.13531103325835575,0.107459242842198,0.05214676907773897,0.08311668093608726,0.08465426899137517,0.11307592341959333,0.09494651029770403,0.04825997852867717,0.030173184944013633,0.05351600717431516,0.06139373030734567
calibration_screen,s48|smote|r=0.2|k=4|cal=sigmoid|folds=8,48,9618,4,240,60,37,10,0.37736930852713857,0.11262377710714203,0.7400000000000001,0.15955646350605604,0.16666666666666666,-0.0071102031606106175,8,1,4,log_loss,0.7,smote,0.2,4.0,sigmoid,8,0.14430404781016834,0.14444594524140786,0.09983277627862763,0.04326482117768518,0.10390040617076607,0.062064187266318675,0.10481468208286991,0.097389853758937,0.04279451504519476,0.025110397940269254,0.07449959447903756,0.057578772748717776
calibration_screen,s48|smote|r=0.2|k=4|cal=sigmoid|folds=8,48,9618,5,240,60,37,10,0.3630661431792558,0.11148456039603143,0.8099999999999999,0.16322058397995587,0.16666666666666666,-0.0034460826867107885,8,1,4,log_loss,0.7,smote,0.2,4.0,sigmoid,8,0.1379241113554984,0.14290504994275113,0.08562409587435721,0.076707600396664,0.08359433407363638,0.058608886860721104,0.10953456570122799,0.10252168934819673,0.03770317725214048,0.033803963648695576,0.06168933495523583,0.06938319059087522
calibration_screen,s41|smote|r=0.2|k=3|cal=sigmoid|folds=3,41,9618,1,240,60,38,9,0.4472325414448515,0.1365807438445969,0.5860566448801743,0.12303763866086379,0.15,-0.02696236133913621,5,1,3,log_loss,1.0,smote,0.2,3.0,sigmoid,3,0.1410243048248062,0.13014900338549076,0.11379583035476158,0.09778380823060986,0.08106593235832264,0.04315383716285808,0.0923005429317151,0.11789666078972119,0.03169602484857769,0.061334699164870575,0.024621326408245645,0.06517802954002055
calibration_screen,s41|smote|r=0.2|k=3|cal=sigmoid|folds=3,41,9618,2,240,60,38,9,0.3719204462609567,0.11457640018529623,0.8442265795206971,0.14221239547646705,0.15,-0.007787604523532943,5,1,3,log_loss,1.0,smote,0.2,3.0,sigmoid,3,0.14917495191870123,0.1458745769720122,0.10601365266779138,0.10608221640218315,0.07064149903877082,0.0409043956955416,0.09057917639649123,0.08372174650741801,0.07077936210816926,0.025021543094478568,0.04698099052338055,0.06422588867506214
calibration_screen,s41|smote|r=0.2|k=3|cal=sigmoid|folds=3,41,9618,3,240,60,38,9,0.30243667889524667,0.08761610234513094,0.8572984749455337,0.17289579411734984,0.15,0.02289579411734985,5,1,3,log_loss,1.0,smote,0.2,3.0,sigmoid,3,0.1248365020669203,0.15818379905249394,0.1290521129265135,0.08127528940299159,0.06714796624634502,0.06954144228695786,0.09286711304342431,0.08935291918412941,0.06088431164523027,0.03641271993284167,0.04603030854474799,0.04441551566740427
calibration_screen,s41|smote|r=0.2|k=3|cal=sigmoid|folds=3,41,9618,4,240,60,37,10,0.3682388386395158,0.10833846551888886,0.762,0.1576890293497504,0.16666666666666666,-0.008977637316916254,5,1,3,log_loss,1.0,smote,0.2,3.0,sigmoid,3,0.14321793158277668,0.14167692446589064,0.11698033475597792,0.05917555977205541,0.11222735980954589,0.057037685824473744,0.07729342441668216,0.08854879294542502,0.04606586656825758,0.024866900438011486,0.06608646947812419,0.0668227499427795
calibration_screen,s41|smote|r=0.2|k=3|cal=sigmoid|folds=3,41,9618,5,240,60,37,10,0.37161988779387656,0.11494785576867199,0.842,0.1598594945335551,0.16666666666666666,-0.00680717213311155,5,1,3,log_loss,1.0,smote,0.2,3.0,sigmoid,3,0.13063117113145548,0.13779953115503285,0.12783139505158428,0.10627845754557165,0.07487160649965434,0.04689817609882179,0.07946501022471092,0.10385329128160505,0.05069932664028984,0.035360080410260175,0.03784788820981048,0.06846406575120301
calibration_screen,s41|smote|r=0.2|k=3|cal=sigmoid|folds=5,41,9618,1,240,60,38,9,0.45718679208572816,0.14004873626790712,0.5860566448801743,0.12189640522434392,0.15,-0.028103594775656077,5,1,3,log_loss,1.0,smote,0.2,3.0,sigmoid,5,0.1410243048248062,0.13014900338549076,0.11379583035476158,0.09778380823060986,0.08106593235832264,0.04315383716285808,0.0923005429317151,0.11789666078972119,0.03169602484857769,0.061334699164870575,0.024621326408245645,0.06517802954002055
calibration_screen,s41|smote|r=0.2|k=3|cal=sigmoid|folds=5,41,9618,2,240,60,38,9,0.36680548606865,0.11361177999212947,0.8442265795206971,0.13638951661428544,0.15,-0.01361048338571455,5,1,3,log_loss,1.0,smote,0.2,3.0,sigmoid,5,0.14917495191870123,0.1458745769720122,0.10601365266779138,0.10608221640218315,0.07064149903877082,0.0409043956955416,0.09057917639649123,0.08372174650741801,0.07077936210816926,0.025021543094478568,0.04698099052338055,0.06422588867506214
calibration_screen,s41|smote|r=0.2|k=3|cal=sigmoid|folds=5,41,9618,3,240,60,38,9,0.2977439871479006,0.08678596325804387,0.8572984749455337,0.17336831610709788,0.15,0.023368316107097886,5,1,3,log_loss,1.0,smote,0.2,3.0,sigmoid,5,0.1248365020669203,0.15818379905249394,0.1290521129265135,0.08127528940299159,0.06714796624634502,0.06954144228695786,0.09286711304342431,0.08935291918412941,0.06088431164523027,0.03641271993284167,0.04603030854474799,0.04441551566740427
calibration_screen,s41|smote|r=0.2|k=3|cal=sigmoid|folds=5,41,9618,4,240,60,37,10,0.3643902794137808,0.1071221435662109,0.762,0.16545019552002482,0.16666666666666666,-0.0012164711466418343,5,1,3,log_loss,1.0,smote,0.2,3.0,sigmoid,5,0.14321793158277668,0.14167692446589064,0.11698033475597792,0.05917555977205541,0.11222735980954589,0.057037685824473744,0.07729342441668216,0.08854879294542502,0.04606586656825758,0.024866900438011486,0.06608646947812419,0.0668227499427795
calibration_screen,s41|smote|r=0.2|k=3|cal=sigmoid|folds=5,41,9618,5,240,60,37,10,0.36646002073759754,0.11380667342665506,0.842,0.16303682091555566,0.16666666666666666,-0.0036298457511109994,5,1,3,log_loss,1.0,smote,0.2,3.0,sigmoid,5,0.13063117113145548,0.13779953115503285,0.12783139505158428,0.10627845754557165,0.07487160649965434,0.04689817609882179,0.07946501022471092,0.10385329128160505,0.05069932664028984,0.035360080410260175,0.03784788820981048,0.06846406575120301
calibration_screen,s41|smote|r=0.2|k=3|cal=sigmoid|folds=8,41,9618,1,240,60,38,9,0.4474529127252694,0.13669604363792845,0.5860566448801743,0.12331393629202428,0.15,-0.026686063707975716,5,1,3,log_loss,1.0,smote,0.2,3.0,sigmoid,8,0.1410243048248062,0.13014900338549076,0.11379583035476158,0.09778380823060986,0.08106593235832264,0.04315383716285808,0.0923005429317151,0.11789666078972119,0.03169602484857769,0.061334699164870575,0.024621326408245645,0.06517802954002055
calibration_screen,s41|smote|r=0.2|k=3|cal=sigmoid|folds=8,41,9618,2,240,60,38,9,0.363776392253966,0.11243441292871692,0.8442265795206971,0.14272998158447897,0.15,-0.0072700184155210235,5,1,3,log_loss,1.0,smote,0.2,3.0,sigmoid,8,0.14917495191870123,0.1458745769720122,0.10601365266779138,0.10608221640218315,0.07064149903877082,0.0409043956955416,0.09057917639649123,0.08372174650741801,0.07077936210816926,0.025021543094478568,0.04698099052338055,0.06422588867506214
calibration_screen,s41|smote|r=0.2|k=3|cal=sigmoid|folds=8,41,9618,3,240,60,38,9,0.29856289023190535,0.08688053277992701,0.8572984749455337,0.17606275480278077,0.15,0.02606275480278078,5,1,3,log_loss,1.0,smote,0.2,3.0,sigmoid,8,0.1248365020669203,0.15818379905249394,0.1290521129265135,0.08127528940299159,0.06714796624634502,0.06954144228695786,0.09286711304342431,0.08935291918412941,0.06088431164523027,0.03641271993284167,0.04603030854474799,0.04441551566740427
calibration_screen,s41|smote|r=0.2|k=3|cal=sigmoid|folds=8,41,9618,4,240,60,37,10,0.36413228497519007,0.10705679283301965,0.762,0.16464014754260498,0.16666666666666666,-0.002026519124061682,5,1,3,log_loss,1.0,smote,0.2,3.0,sigmoid,8,0.14321793158277668,0.14167692446589064,0.11698033475597792,0.05917555977205541,0.11222735980954589,0.057037685824473744,0.07729342441668216,0.08854879294542502,0.04606586656825758,0.024866900438011486,0.06608646947812419,0.0668227499427795
calibration_screen,s41|smote|r=0.2|k=3|cal=sigmoid|folds=8,41,9618,5,240,60,37,10,0.3612758723388841,0.11287859899075671,0.842,0.1641541097177943,0.16666666666666666,-0.0025125569488723687,5,1,3,log_loss,1.0,smote,0.2,3.0,sigmoid,8,0.13063117113145548,0.13779953115503285,0.12783139505158428,0.10627845754557165,0.07487160649965434,0.04689817609882179,0.07946501022471092,0.10385329128160505,0.05069932664028984,0.035360080410260175,0.03784788820981048,0.06846406575120301
calibration_screen,s70|smote|r=0.2|k=4|cal=sigmoid|folds=3,70,9618,1,240,60,38,9,0.4416419319818263,0.1359182482245587,0.6318082788671024,0.12065259410698924,0.15,-0.029347405893010756,5,1,6,log_loss,1.0,smote,0.2,4.0,sigmoid,3,0.16644887192387497,0.1504252819621232,0.13877473061172557,0.09278343946105717,0.07277468069853331,0.04377223272022025,0.08863614760534527,0.10969867693945597,0.01834659961116561,0.04656069682200457,0.019160070522203938,0.05261857112229021
calibration_screen,s70|smote|r=0.2|k=4|cal=sigmoid|folds=3,70,9618,2,240,60,38,9,0.3782889280336164,0.11635158380868073,0.8006535947712419,0.14160688607966845,0.15,-0.00839311392033154,5,1,6,log_loss,1.0,smote,0.2,4.0,sigmoid,3,0.12408075576242039,0.18780683094041123,0.12074090601259062,0.10501222358929037,0.06238482790046997,0.031482183971449515,0.0882958646291638,0.07822421326424188,0.05752199611939355,0.017665209824575822,0.04987429240588795,0.07691069558010494
calibration_screen,s70|smote|r=0.2|k=4|cal=sigmoid|folds=3,70,9618,3,240,60,38,9,0.3035878750057543,0.08820618958777951,0.8747276688453159,0.1726349472553946,0.15,0.02263494725539461,5,1,6,log_loss,1.0,smote,0.2,4.0,sigmoid,3,0.1412532327013297,0.1669069474644026,0.1447894847870217,0.05359075980074567,0.07323397357945305,0.07456510590378432,0.10482523908573586,0.07135056253156581,0.05021721345253691,0.02782470104800411,0.04320081710095156,0.04824196254446865
calibration_screen,s70|smote|r=0.2|k=4|cal=sigmoid|folds=3,70,9618,4,240,60,37,10,0.3775567712079024,0.11191209291050729,0.736,0.15226378073037933,0.16666666666666666,-0.01440288593628733,5,1,6,log_loss,1.0,smote,0.2,4.0,sigmoid,3,0.15411414152284617,0.17196148021360264,0.12312544433516893,0.049464012610688377,0.09050151954673008,0.03982831265667946,0.09650093270764973,0.07547386752653865,0.044599320376779106,0.021150946367286833,0.08276465687480991,0.05051536526122023
calibration_screen,s70|smote|r=0.2|k=4|cal=sigmoid|folds=3,70,9618,5,240,60,37,10,0.3741324202495042,0.11484251901179114,0.8240000000000001,0.1581327413021389,0.16666666666666666,-0.008533925364527767,5,1,6,log_loss,1.0,smote,0.2,4.0,sigmoid,3,0.14049017027191277,0.16167509151542397,0.10622861557481977,0.11643671677653965,0.0719295649559109,0.040043939734646476,0.09580834228301756,0.07793094291136914,0.03364257096451056,0.03662797960140379,0.05299008246400306,0.06619598294644237
calibration_screen,s70|smote|r=0.2|k=4|cal=sigmoid|folds=5,70,9618,1,240,60,38,9,0.4496950320669561,0.138856023882896,0.6318082788671024,0.11869121479629692,0.15,-0.031308785203703074,5,1,6,log_loss,1.0,smote,0.2,4.0,sigmoid,5,0.16644887192387497,0.1504252819621232,0.13877473061172557,0.09278343946105717,0.07277468069853331,0.04377223272022025,0.08863614760534527,0.10969867693945597,0.01834659961116561,0.04656069682200457,0.019160070522203938,0.05261857112229021
calibration_screen,s70|smote|r=0.2|k=4|cal=sigmoid|folds=5,70,9618,2,240,60,38,9,0.37408928185520557,0.11533642595355374,0.8006535947712419,0.14098412110634892,0.15,-0.009015878893651075,5,1,6,log_loss,1.0,smote,0.2,4.0,sigmoid,5,0.12408075576242039,0.18780683094041123,0.12074090601259062,0.10501222358929037,0.06238482790046997,0.031482183971449515,0.0882958646291638,0.07822421326424188,0.05752199611939355,0.017665209824575822,0.04987429240588795,0.07691069558010494
calibration_screen,s70|smote|r=0.2|k=4|cal=sigmoid|folds=5,70,9618,3,240,60,38,9,0.29511497447310775,0.08674197182306626,0.8747276688453159,0.17244350635119368,0.15,0.022443506351193687,5,1,6,log_loss,1.0,smote,0.2,4.0,sigmoid,5,0.1412532327013297,0.1669069474644026,0.1447894847870217,0.05359075980074567,0.07323397357945305,0.07456510590378432,0.10482523908573586,0.07135056253156581,0.05021721345253691,0.02782470104800411,0.04320081710095156,0.04824196254446865
calibration_screen,s70|smote|r=0.2|k=4|cal=sigmoid|folds=5,70,9618,4,240,60,37,10,0.37694059461730733,0.11167311717862012,0.736,0.1523140736809575,0.16666666666666666,-0.01435259298570915,5,1,6,log_loss,1.0,smote,0.2,4.0,sigmoid,5,0.15411414152284617,0.17196148021360264,0.12312544433516893,0.049464012610688377,0.09050151954673008,0.03982831265667946,0.09650093270764973,0.07547386752653865,0.044599320376779106,0.021150946367286833,0.08276465687480991,0.05051536526122023
calibration_screen,s70|smote|r=0.2|k=4|cal=sigmoid|folds=5,70,9618,5,240,60,37,10,0.3689622458005016,0.1135112574356211,0.8240000000000001,0.15997659652692225,0.16666666666666666,-0.006690070139744403,5,1,6,log_loss,1.0,smote,0.2,4.0,sigmoid,5,0.14049017027191277,0.16167509151542397,0.10622861557481977,0.11643671677653965,0.0719295649559109,0.040043939734646476,0.09580834228301756,0.07793094291136914,0.03364257096451056,0.03662797960140379,0.05299008246400306,0.06619598294644237
calibration_screen,s70|smote|r=0.2|k=4|cal=sigmoid|folds=8,70,9618,1,240,60,38,9,0.44667344822808647,0.13834242208632577,0.6318082788671024,0.1234937447649777,0.15,-0.0265062552350223,5,1,6,log_loss,1.0,smote,0.2,4.0,sigmoid,8,0.16644887192387497,0.1504252819621232,0.13877473061172557,0.09278343946105717,0.07277468069853331,0.04377223272022025,0.08863614760534527,0.10969867693945597,0.01834659961116561,0.04656069682200457,0.019160070522203938,0.05261857112229021
calibration_screen,s70|smote|r=0.2|k=4|cal=sigmoid|folds=8,70,9618,2,240,60,38,9,0.37104289603850765,0.11459966253152817,0.8006535947712419,0.14076083543159357,0.15,-0.009239164568406427,5,1,6,log_loss,1.0,smote,0.2,4.0,sigmoid,8,0.12408075576242039,0.18780683094041123,0.12074090601259062,0.10501222358929037,0.06238482790046997,0.031482183971449515,0.0882958646291638,0.07822421326424188,0.05752199611939355,0.017665209824575822,0.04987429240588795,0.07691069558010494
calibration_screen,s70|smote|r=0.2|k=4|cal=sigmoid|folds=8,70,9618,3,240,60,38,9,0.3004700093313283,0.08757757853576602,0.8747276688453159,0.1736410884171945,0.15,0.023641088417194506,5,1,6,log_loss,1.0,smote,0.2,4.0,sigmoid,8,0.1412532327013297,0.1669069474644026,0.1447894847870217,0.05359075980074567,0.07323397357945305,0.07456510590378432,0.10482523908573586,0.07135056253156581,0.05021721345253691,0.02782470104800411,0.04320081710095156,0.04824196254446865
calibration_screen,s70|smote|r=0.2|k=4|cal=sigmoid|folds=8,70,9618,4,240,60,37,10,0.37467286003114963,0.11081883161320207,0.736,0.15166789199858194,0.16666666666666666,-0.014998774668084719,5,1,6,log_loss,1.0,smote,0.2,4.0,sigmoid,8,0.15411414152284617,0.17196148021360264,0.12312544433516893,0.049464012610688377,0.09050151954673008,0.03982831265667946,0.09650093270764973,0.07547386752653865,0.044599320376779106,0.021150946367286833,0.08276465687480991,0.05051536526122023
calibration_screen,s70|smote|r=0.2|k=4|cal=sigmoid|folds=8,70,9618,5,240,60,37,10,0.36390514357594317,0.11231379554202015,0.8240000000000001,0.16144347007405838,0.16666666666666666,-0.005223196592608281,5,1,6,log_loss,1.0,smote,0.2,4.0,sigmoid,8,0.14049017027191277,0.16167509151542397,0.10622861557481977,0.11643671677653965,0.0719295649559109,0.040043939734646476,0.09580834228301756,0.07793094291136914,0.03364257096451056,0.03662797960140379,0.05299008246400306,0.06619598294644237
calibration_screen,s48|random_over|r=0.2|k=None|cal=sigmoid|folds=3,48,9618,1,240,60,38,9,0.4399000883973302,0.13436957153363213,0.6339869281045751,0.11812936223022673,0.15,-0.031870637769773266,8,1,4,log_loss,0.7,random_over,0.2,,sigmoid,3,0.15139917666051864,0.14132424494090884,0.106348372371645,0.06881651331753873,0.09436524389599199,0.06073988930244581,0.10901055887521088,0.11702897004857316,0.027900870645599644,0.03436412015516064,0.03539194740952346,0.053310092376883195
calibration_screen,s48|random_over|r=0.2|k=None|cal=sigmoid|folds=3,48,9618,2,240,60,38,9,0.37762661987697316,0.11694675491171515,0.8311546840958606,0.1438860043956928,0.15,-0.006113995604307199,8,1,4,log_loss,0.7,random_over,0.2,,sigmoid,3,0.13961893665549324,0.1462082948761918,0.09698222515518734,0.07966727614810386,0.07949856228319531,0.05467173876593986,0.09608137248011177,0.10436006661905438,0.05920739591266186,0.02416135519561792,0.0562561230128671,0.06328665289557552
calibration_screen,s48|random_over|r=0.2|k=None|cal=sigmoid|folds=3,48,9618,3,240,60,38,9,0.29734334426993375,0.08451116957942435,0.8790849673202614,0.1715051679397149,0.15,0.02150516793971491,8,1,4,log_loss,0.7,random_over,0.2,,sigmoid,3,0.13939872211375548,0.13784742383529866,0.09662275190236944,0.0561907864056209,0.08575538800330433,0.08015510065288518,0.11120432660370971,0.1049540261121258,0.04703212286789232,0.028461678670085627,0.052650688055511735,0.05972698477744073
calibration_screen,s48|random_over|r=0.2|k=None|cal=sigmoid|folds=3,48,9618,4,240,60,37,10,0.3641491644079643,0.10753464105653981,0.752,0.15594799823592395,0.16666666666666666,-0.010718668430742706,8,1,4,log_loss,0.7,random_over,0.2,,sigmoid,3,0.1384975768339095,0.14736855673803664,0.10714283940507474,0.04965924838918259,0.10489341345163662,0.0599371269371417,0.10153075101484281,0.09975058116040747,0.052161143079778614,0.02035117977927622,0.06117956559810164,0.057528017612611275
calibration_screen,s48|random_over|r=0.2|k=None|cal=sigmoid|folds=3,48,9618,5,240,60,37,10,0.36941983687906926,0.11178399733304081,0.81,0.16212105662855542,0.16666666666666666,-0.004545610038111242,8,1,4,log_loss,0.7,random_over,0.2,,sigmoid,3,0.13131992708216425,0.1431473461065527,0.09002089835781933,0.057024173095057515,0.10409240604320635,0.06353742888439161,0.10317485204670113,0.09996363497470807,0.04306514402746465,0.03685433029476308,0.05703999746468527,0.07075986162248603
calibration_screen,s48|random_over|r=0.2|k=None|cal=sigmoid|folds=5,48,9618,1,240,60,38,9,0.4433920446938544,0.13553077005360847,0.6339869281045751,0.11677125183135223,0.15,-0.033228748168647765,8,1,4,log_loss,0.7,random_over,0.2,,sigmoid,5,0.15139917666051864,0.14132424494090884,0.106348372371645,0.06881651331753873,0.09436524389599199,0.06073988930244581,0.10901055887521088,0.11702897004857316,0.027900870645599644,0.03436412015516064,0.03539194740952346,0.053310092376883195
calibration_screen,s48|random_over|r=0.2|k=None|cal=sigmoid|folds=5,48,9618,2,240,60,38,9,0.372455517761076,0.11601976786258712,0.8311546840958606,0.1445764206720029,0.15,-0.005423579327997086,8,1,4,log_loss,0.7,random_over,0.2,,sigmoid,5,0.13961893665549324,0.1462082948761918,0.09698222515518734,0.07966727614810386,0.07949856228319531,0.05467173876593986,0.09608137248011177,0.10436006661905438,0.05920739591266186,0.02416135519561792,0.0562561230128671,0.06328665289557552
calibration_screen,s48|random_over|r=0.2|k=None|cal=sigmoid|folds=5,48,9618,3,240,60,38,9,0.2956599354621739,0.08399531600483563,0.8790849673202614,0.17255884148800774,0.15,0.02255884148800774,8,1,4,log_loss,0.7,random_over,0.2,,sigmoid,5,0.13939872211375548,0.13784742383529866,0.09662275190236944,0.0561907864056209,0.08575538800330433,0.08015510065288518,0.11120432660370971,0.1049540261121258,0.04703212286789232,0.028461678670085627,0.052650688055511735,0.05972698477744073
calibration_screen,s48|random_over|r=0.2|k=None|cal=sigmoid|folds=5,48,9618,4,240,60,37,10,0.36242412202087615,0.10692392282147826,0.752,0.16089558530578293,0.16666666666666666,-0.005771081360883723,8,1,4,log_loss,0.7,random_over,0.2,,sigmoid,5,0.1384975768339095,0.14736855673803664,0.10714283940507474,0.04965924838918259,0.10489341345163662,0.0599371269371417,0.10153075101484281,0.09975058116040747,0.052161143079778614,0.02035117977927622,0.06117956559810164,0.057528017612611275
calibration_screen,s48|random_over|r=0.2|k=None|cal=sigmoid|folds=5,48,9618,5,240,60,37,10,0.3618012008115895,0.1092715036864783,0.81,0.16757380785125678,0.16666666666666666,0.0009071411845901212,8,1,4,log_loss,0.7,random_over,0.2,,sigmoid,5,0.13131992708216425,0.1431473461065527,0.09002089835781933,0.057024173095057515,0.10409240604320635,0.06353742888439161,0.10317485204670113,0.09996363497470807,0.04306514402746465,0.03685433029476308,0.05703999746468527,0.07075986162248603
calibration_screen,s48|random_over|r=0.2|k=None|cal=sigmoid|folds=8,48,9618,1,240,60,38,9,0.43663484391036006,0.13324808783011569,0.6339869281045751,0.11951751527643079,0.15,-0.03048248472356921,8,1,4,log_loss,0.7,random_over,0.2,,sigmoid,8,0.15139917666051864,0.14132424494090884,0.106348372371645,0.06881651331753873,0.09436524389599199,0.06073988930244581,0.10901055887521088,0.11702897004857316,0.027900870645599644,0.03436412015516064,0.03539194740952346,0.053310092376883195
calibration_screen,s48|random_over|r=0.2|k=None|cal=sigmoid|folds=8,48,9618,2,240,60,38,9,0.37111799101433457,0.11582699019393614,0.8311546840958606,0.14442179174871825,0.15,-0.005578208251281747,8,1,4,log_loss,0.7,random_over,0.2,,sigmoid,8,0.13961893665549324,0.1462082948761918,0.09698222515518734,0.07966727614810386,0.07949856228319531,0.05467173876593986,0.09608137248011177,0.10436006661905438,0.05920739591266186,0.02416135519561792,0.0562561230128671,0.06328665289557552
calibration_screen,s48|random_over|r=0.2|k=None|cal=sigmoid|folds=8,48,9618,3,240,60,38,9,0.3015485285810425,0.08557596984174735,0.8790849673202614,0.1735889895738329,0.15,0.023588989573832903,8,1,4,log_loss,0.7,random_over,0.2,,sigmoid,8,0.13939872211375548,0.13784742383529866,0.09662275190236944,0.0561907864056209,0.08575538800330433,0.08015510065288518,0.11120432660370971,0.1049540261121258,0.04703212286789232,0.028461678670085627,0.052650688055511735,0.05972698477744073
calibration_screen,s48|random_over|r=0.2|k=None|cal=sigmoid|folds=8,48,9618,4,240,60,37,10,0.3607467638595056,0.10644290381893501,0.752,0.16153779323758347,0.16666666666666666,-0.005128873429083192,8,1,4,log_loss,0.7,random_over,0.2,,sigmoid,8,0.1384975768339095,0.14736855673803664,0.10714283940507474,0.04965924838918259,0.10489341345163662,0.0599371269371417,0.10153075101484281,0.09975058116040747,0.052161143079778614,0.02035117977927622,0.06117956559810164,0.057528017612611275
calibration_screen,s48|random_over|r=0.2|k=None|cal=sigmoid|folds=8,48,9618,5,240,60,37,10,0.3593412788349583,0.1087176181253158,0.81,0.16449511503571795,0.16666666666666666,-0.0021715516309487037,8,1,4,log_loss,0.7,random_over,0.2,,sigmoid,8,0.13131992708216425,0.1431473461065527,0.09002089835781933,0.057024173095057515,0.10409240604320635,0.06353742888439161,0.10317485204670113,0.09996363497470807,0.04306514402746465,0.03685433029476308,0.05703999746468527,0.07075986162248603
calibration_screen,s48|none|r=None|k=None|cal=isotonic|folds=5,48,9618,1,240,60,38,9,0.4316439881041162,0.13064409745717065,0.6274509803921569,0.11314256741249536,0.15,-0.03685743258750464,8,1,4,log_loss,0.7,none,,,isotonic,5,0.14319403301885053,0.1350977693863447,0.10869449380035383,0.0767121351205455,0.09465651930972035,0.06203887299022968,0.1016695223252396,0.12816916299940131,0.027385805356358237,0.035575656629896646,0.03285014296213075,0.053955886100928774
calibration_screen,s48|none|r=None|k=None|cal=isotonic|folds=5,48,9618,2,240,60,38,9,0.36916118148724764,0.1184173381662478,0.7429193899782135,0.1460629527984963,0.15,-0.003937047201503702,8,1,4,log_loss,0.7,none,,,isotonic,5,0.14221067913274626,0.14973854454787594,0.0932037068135408,0.07573486004525104,0.07850579822783889,0.053430372070418404,0.10239251204278815,0.105541777716076,0.05262438306191665,0.027250380660050665,0.056594019730790986,0.06277296595070622
calibration_screen,s48|none|r=None|k=None|cal=isotonic|folds=5,48,9618,3,240,60,38,9,0.2823790143182629,0.08271236589190593,0.8474945533769063,0.1673820731837753,0.15,0.0173820731837753,8,1,4,log_loss,0.7,none,,,isotonic,5,0.13304562607945836,0.13809792281863675,0.09857421770859039,0.060179842771390706,0.08359973350240908,0.08191717124041835,0.1116291767894584,0.10474191970170622,0.04831198455399481,0.0286439983951635,0.051569821620830306,0.05968858481794316
calibration_screen,s48|none|r=None|k=None|cal=isotonic|folds=5,48,9618,4,240,60,37,10,0.8709772965293782,0.10868607901543699,0.749,0.15880323504734137,0.16666666666666666,-0.00786343161932529,8,1,4,log_loss,0.7,none,,,isotonic,5,0.14069275761870542,0.14174344974381203,0.09531518412460993,0.04750795546615681,0.09935051522483661,0.06461183097911473,0.10372836789505469,0.0997079124437694,0.05129851462764785,0.023494726027250733,0.06514634103942489,0.06740244480961691
calibration_screen,s48|none|r=None|k=None|cal=isotonic|folds=5,48,9618,5,240,60,37,10,0.35228403807604425,0.11296856728425399,0.817,0.16569692587517568,0.16666666666666666,-0.0009697407914909806,8,1,4,log_loss,0.7,none,,,isotonic,5,0.1286664289793345,0.14008014819855827,0.09100356743836095,0.07173305500337174,0.09387605610424891,0.06603885492538698,0.09970743034292788,0.10686739286873953,0.04151563639619101,0.03395344867641573,0.055793647740559636,0.07076433332590489
calibration_screen,s70|random_over|r=0.2|k=None|cal=isotonic|folds=5,70,9618,1,240,60,38,9,0.4591365259192824,0.14515418474192918,0.6154684095860566,0.11922400698716487,0.15,-0.030775993012835123,5,1,6,log_loss,1.0,random_over,0.2,,isotonic,5,0.17924119563059274,0.14396760792514599,0.14219700458232867,0.08540924967511047,0.09003891450576605,0.03865192753187339,0.09544051931845986,0.10342404523891063,0.015645101846714374,0.03341340079797163,0.021295613503921444,0.05127541944320472
calibration_screen,s70|random_over|r=0.2|k=None|cal=isotonic|folds=5,70,9618,2,240,60,38,9,0.3634991500892209,0.1161785635613287,0.7570806100217865,0.13332665524446347,0.15,-0.01667334475553653,5,1,6,log_loss,1.0,random_over,0.2,,isotonic,5,0.14574360757099977,0.18673185091984376,0.1218845039589638,0.10279197352459753,0.0614196310874963,0.03168344196198263,0.08194645175548355,0.08547747198124558,0.06886165366214432,0.01333853168158695,0.043090274056278466,0.05703060783937718
calibration_screen,s70|random_over|r=0.2|k=None|cal=isotonic|folds=5,70,9618,3,240,60,38,9,0.3103987771499151,0.09715716433524446,0.8638344226579521,0.17237621116776067,0.15,0.022376211167760673,5,1,6,log_loss,1.0,random_over,0.2,,isotonic,5,0.14961311122909232,0.17683360898352735,0.1450176060433376,0.06053363207752253,0.060740205961562786,0.05622590039815679,0.10363778191019214,0.08534882271066666,0.04622056180488327,0.022049323798369047,0.04235979294828827,0.051419652134401084
calibration_screen,s70|random_over|r=0.2|k=None|cal=isotonic|folds=5,70,9618,4,240,60,37,10,0.87094238872969,0.10678261260235379,0.76,0.15629473062443655,0.16666666666666666,-0.010371936042230107,5,1,6,log_loss,1.0,random_over,0.2,,isotonic,5,0.1486457336120828,0.16035662578739174,0.14235174322874788,0.05754611459351063,0.10575354146977291,0.04164522094474685,0.09018520781854633,0.07572387840304433,0.05365127401655573,0.013112488176737496,0.055050184667331775,0.05597798728153155
calibration_screen,s70|random_over|r=0.2|k=None|cal=isotonic|folds=5,70,9618,5,240,60,37,10,0.3582669970905969,0.11251963906074115,0.799,0.18005724588686048,0.16666666666666666,0.013390579220193821,5,1,6,log_loss,1.0,random_over,0.2,,isotonic,5,0.14403255901821618,0.16466913092694732,0.10896635150950154,0.0724279640541186,0.09809632680636604,0.04601119619838266,0.09097615658423894,0.09521117014842222,0.038540295910531076,0.03691175692761532,0.043687443908434154,0.06046964800722601
calibration_screen,s69|smote|r=0.2|k=4|cal=isotonic|folds=5,69,9618,1,240,60,38,9,0.9308070760043264,0.12973772083745938,0.6666666666666666,0.1133575627078503,0.15,-0.03664243729214969,8,2,4,log_loss,1.0,smote,0.2,4.0,isotonic,5,0.145740980676928,0.14242508100541837,0.1123286029078466,0.08694513697015317,0.08458044534286953,0.057220737151015534,0.09476756368363824,0.11694543687705351,0.02723250168577762,0.042341495103345464,0.029165152657975195,0.06030686593797886
calibration_screen,s69|smote|r=0.2|k=4|cal=isotonic|folds=5,69,9618,2,240,60,38,9,0.3533297022701815,0.11278793473040297,0.7712418300653595,0.14653770675637784,0.15,-0.0034622932436221554,8,2,4,log_loss,1.0,smote,0.2,4.0,isotonic,5,0.12667074744627976,0.17061811789924028,0.10080268808658528,0.08456012338217447,0.07725293212584917,0.05037078685279768,0.09583784637427581,0.09380566306076146,0.05063592753222579,0.022233558902644474,0.05573986258707631,0.0714717457500895
calibration_screen,s69|smote|r=0.2|k=4|cal=isotonic|folds=5,69,9618,3,240,60,38,9,0.2822207360325516,0.08494632891547788,0.8747276688453158,0.15741457264585693,0.15,0.007414572645856932,8,2,4,log_loss,1.0,smote,0.2,4.0,isotonic,5,0.13415080904717688,0.1484620978440397,0.11089706368128151,0.053075500241275574,0.08522279120254511,0.0841142371327785,0.11471544899599335,0.0966604100761435,0.04531516999075916,0.028905379777921847,0.04928099724038723,0.049200094769697805
calibration_screen,s69|smote|r=0.2|k=4|cal=isotonic|folds=5,69,9618,4,240,60,37,10,0.9042327197085663,0.11908936543428046,0.726,0.14923212593513072,0.16666666666666666,-0.01743454073153594,8,2,4,log_loss,1.0,smote,0.2,4.0,isotonic,5,0.1476280443241506,0.15799040887630666,0.09858538574243156,0.04596644918642337,0.10058269160330365,0.06449157773552602,0.10105612468430375,0.09066733192386171,0.03943558063460159,0.02123522948533155,0.08129896842182174,0.05106220738193779
calibration_screen,s69|smote|r=0.2|k=4|cal=isotonic|folds=5,69,9618,5,240,60,37,10,0.3539635030148858,0.11286449265789619,0.8089999999999999,0.1671545875313301,0.16666666666666666,0.00048792086466345475,8,2,4,log_loss,1.0,smote,0.2,4.0,isotonic,5,0.14070154506538407,0.15094450973716542,0.08876956470928997,0.08708065282765008,0.07482417515193822,0.06364548427089677,0.10121066967552686,0.10009623814174826,0.03173555098002133,0.035808511594301505,0.06292513291301356,0.062257964933063986
calibration_screen,s69|random_over|r=0.2|k=None|cal=isotonic|folds=5,69,9618,1,240,60,38,9,0.9454239054727631,0.13270926485986315,0.6252723311546842,0.11002564102564102,0.15,-0.03997435897435897,8,2,4,log_loss,1.0,random_over,0.2,,isotonic,5,0.14917550496545517,0.14359332308600575,0.11773838376497746,0.07719010774789611,0.08502041526461422,0.05632457436942037,0.10587122585723953,0.11482041586990746,0.023109004359521082,0.03580216523659765,0.03339235075995821,0.057962528718406944
calibration_screen,s69|random_over|r=0.2|k=None|cal=isotonic|folds=5,69,9618,2,240,60,38,9,0.36501614898194207,0.11752234251195831,0.7875816993464052,0.14525319359429298,0.15,-0.004746806405707016,8,2,4,log_loss,1.0,random_over,0.2,,isotonic,5,0.13990249632627208,0.16026735670438624,0.09351661117316637,0.09171855685229417,0.074093097074885,0.054516706752789044,0.09825153606307421,0.09646440692020503,0.058529479041742785,0.01884797128959531,0.054902651118246416,0.058989130683343424
calibration_screen,s69|random_over|r=0.2|k=None|cal=isotonic|folds=5,69,9618,3,240,60,38,9,0.30732336363368756,0.09491388784561829,0.835511982570806,0.15631489201363422,0.15,0.006314892013634221,8,2,4,log_loss,1.0,random_over,0.2,,isotonic,5,0.1389757422395766,0.14058455094412772,0.10081612448068611,0.053719466884816255,0.08413817171071462,0.07943785450533865,0.11785464575117216,0.10131972904889365,0.04158506720475723,0.02740334165472904,0.059235854335167294,0.05492945124002085
calibration_screen,s69|random_over|r=0.2|k=None|cal=isotonic|folds=5,69,9618,4,240,60,37,10,0.8795977802779071,0.11150175576394039,0.757,0.15998133287605487,0.16666666666666666,-0.006685333790611786,8,2,4,log_loss,1.0,random_over,0.2,,isotonic,5,0.14194261602166347,0.14631075029854063,0.11438580152067132,0.051406138382455,0.10490148012059886,0.06344107481247355,0.10211855020644053,0.09186652273779126,0.04762033950229722,0.018726592649909116,0.06417760899390848,0.053102524753250606
calibration_screen,s69|random_over|r=0.2|k=None|cal=isotonic|folds=5,69,9618,5,240,60,37,10,0.3468505965122199,0.10755480255517905,0.8230000000000001,0.17075307778431617,0.16666666666666666,0.004086411117649513,8,2,4,log_loss,1.0,random_over,0.2,,isotonic,5,0.1358854112430208,0.14755611258074675,0.09112061956849696,0.06037128250660264,0.10075853084928889,0.06659679627232215,0.1024446223540111,0.10403712622257058,0.036739728653453776,0.033153238070489394,0.055375232593440606,0.06596129908555637
