model,terms,fold,log_loss,auc,accuracy,f1
hierarchical_selected,x1 + x2 + x3 + x1_sq + x2_x3,1,0.47712454169577967,0.84375,0.75,0.7368421052631579
omit_x2_x3_main_effects,x1 + x1_sq + x2_x3,1,0.4786018206885764,0.8515625,0.7666666666666667,0.7666666666666667
interaction_only_plus_mains,x1 + x2 + x3 + x2_x3,1,0.4816117403009371,0.8515625,0.7666666666666667,0.7407407407407407
interaction_only_no_x2_x3_mains,x1 + x2_x3,1,0.483741147798016,0.859375,0.7666666666666667,0.75
hierarchical_selected,x1 + x2 + x3 + x1_sq + x2_x3,2,0.5202636594156075,0.8236607142857143,0.7833333333333333,0.7868852459016393
omit_x2_x3_main_effects,x1 + x1_sq + x2_x3,2,0.5075029140397387,0.8314732142857143,0.7833333333333333,0.7796610169491526
interaction_only_plus_mains,x1 + x2 + x3 + x2_x3,2,0.5221759693907762,0.8136160714285714,0.7333333333333333,0.7142857142857143
interaction_only_no_x2_x3_mains,x1 + x2_x3,2,0.5079940838830815,0.8270089285714286,0.7666666666666667,0.7586206896551724
hierarchical_selected,x1 + x2 + x3 + x1_sq + x2_x3,3,0.5274134420689666,0.8102678571428572,0.7333333333333333,0.7142857142857143
omit_x2_x3_main_effects,x1 + x1_sq + x2_x3,3,0.5345910894492951,0.8002232142857143,0.7333333333333333,0.7142857142857143
interaction_only_plus_mains,x1 + x2 + x3 + x2_x3,3,0.5460095921245075,0.7890625,0.6833333333333333,0.6666666666666666
interaction_only_no_x2_x3_mains,x1 + x2_x3,3,0.55390260772161,0.7890625,0.6833333333333333,0.6666666666666666
hierarchical_selected,x1 + x2 + x3 + x1_sq + x2_x3,4,0.5721034057011154,0.7853170189098999,0.6666666666666666,0.6551724137931034
omit_x2_x3_main_effects,x1 + x1_sq + x2_x3,4,0.5701404897304734,0.7853170189098999,0.6833333333333333,0.6666666666666666
interaction_only_plus_mains,x1 + x2 + x3 + x2_x3,4,0.5738739655461113,0.7652947719688543,0.6833333333333333,0.6545454545454545
interaction_only_no_x2_x3_mains,x1 + x2_x3,4,0.5731709919613597,0.764182424916574,0.7,0.6666666666666666
hierarchical_selected,x1 + x2 + x3 + x1_sq + x2_x3,5,0.5563739410584284,0.7975528364849833,0.7,0.6896551724137931
omit_x2_x3_main_effects,x1 + x1_sq + x2_x3,5,0.5658149019642519,0.7897664071190211,0.7166666666666667,0.7017543859649122
interaction_only_plus_mains,x1 + x2 + x3 + x2_x3,5,0.563970442233961,0.7797552836484983,0.7,0.6785714285714286
interaction_only_no_x2_x3_mains,x1 + x2_x3,5,0.5722950933773092,0.7775305895439377,0.7166666666666667,0.7017543859649122
hierarchical_selected,x1 + x2 + x3 + x1_sq + x2_x3,6,0.5751614423540687,0.7745535714285714,0.6833333333333333,0.6885245901639344
omit_x2_x3_main_effects,x1 + x1_sq + x2_x3,6,0.5650431464651529,0.7979910714285714,0.7,0.7096774193548387
interaction_only_plus_mains,x1 + x2 + x3 + x2_x3,6,0.5915064974594461,0.7645089285714285,0.6666666666666666,0.6666666666666666
interaction_only_no_x2_x3_mains,x1 + x2_x3,6,0.5797233367441009,0.7845982142857143,0.6833333333333333,0.6885245901639344
hierarchical_selected,x1 + x2 + x3 + x1_sq + x2_x3,7,0.5842566915908366,0.7823660714285714,0.75,0.7169811320754716
omit_x2_x3_main_effects,x1 + x1_sq + x2_x3,7,0.5777397644267582,0.7779017857142857,0.7666666666666667,0.7407407407407407
interaction_only_plus_mains,x1 + x2 + x3 + x2_x3,7,0.6135142524270784,0.7488839285714286,0.7333333333333333,0.6923076923076923
interaction_only_no_x2_x3_mains,x1 + x2_x3,7,0.6057935882876054,0.7544642857142856,0.7333333333333333,0.7037037037037037
hierarchical_selected,x1 + x2 + x3 + x1_sq + x2_x3,8,0.5030752727456449,0.828125,0.6833333333333333,0.6666666666666666
omit_x2_x3_main_effects,x1 + x1_sq + x2_x3,8,0.5090043059800738,0.8325892857142856,0.7333333333333333,0.7241379310344828
interaction_only_plus_mains,x1 + x2 + x3 + x2_x3,8,0.47918139228887513,0.8426339285714286,0.7166666666666667,0.6792452830188679
interaction_only_no_x2_x3_mains,x1 + x2_x3,8,0.48434361300763246,0.8392857142857142,0.7333333333333333,0.7037037037037037
hierarchical_selected,x1 + x2 + x3 + x1_sq + x2_x3,9,0.5520652200468096,0.7686318131256952,0.6666666666666666,0.6666666666666666
omit_x2_x3_main_effects,x1 + x1_sq + x2_x3,9,0.5107569524161246,0.8197997775305896,0.7166666666666667,0.711864406779661
interaction_only_plus_mains,x1 + x2 + x3 + x2_x3,9,0.5601998962964009,0.7630700778642936,0.6833333333333333,0.6885245901639344
interaction_only_no_x2_x3_mains,x1 + x2_x3,9,0.5189063009413067,0.8120133481646274,0.75,0.7457627118644068
hierarchical_selected,x1 + x2 + x3 + x1_sq + x2_x3,10,0.5057413851393535,0.8375973303670745,0.75,0.7368421052631579
omit_x2_x3_main_effects,x1 + x1_sq + x2_x3,10,0.5173041744815818,0.8298109010011124,0.7666666666666667,0.7586206896551724
interaction_only_plus_mains,x1 + x2 + x3 + x2_x3,10,0.5031823341160029,0.8353726362625139,0.7,0.6666666666666666
interaction_only_no_x2_x3_mains,x1 + x2_x3,10,0.5142714999002037,0.8264738598442714,0.7333333333333333,0.7037037037037037
hierarchical_selected,x1 + x2 + x3 + x1_sq + x2_x3,11,0.5260765386794636,0.8147321428571428,0.75,0.7540983606557377
omit_x2_x3_main_effects,x1 + x1_sq + x2_x3,11,0.49847954890268303,0.84375,0.75,0.7540983606557377
interaction_only_plus_mains,x1 + x2 + x3 + x2_x3,11,0.5096425516213845,0.8337053571428571,0.75,0.7368421052631579
interaction_only_no_x2_x3_mains,x1 + x2_x3,11,0.4822866382788108,0.8537946428571428,0.75,0.7272727272727273
hierarchical_selected,x1 + x2 + x3 + x1_sq + x2_x3,12,0.558887497138609,0.7566964285714286,0.6666666666666666,0.6774193548387096
omit_x2_x3_main_effects,x1 + x1_sq + x2_x3,12,0.5697889514932731,0.7555803571428572,0.6833333333333333,0.6984126984126984
interaction_only_plus_mains,x1 + x2 + x3 + x2_x3,12,0.5776023709501048,0.7511160714285714,0.6833333333333333,0.6984126984126984
interaction_only_no_x2_x3_mains,x1 + x2_x3,12,0.5882079255412758,0.7544642857142857,0.6833333333333333,0.6984126984126984
hierarchical_selected,x1 + x2 + x3 + x1_sq + x2_x3,13,0.5171679104738829,0.8247767857142858,0.7666666666666667,0.7407407407407407
omit_x2_x3_main_effects,x1 + x1_sq + x2_x3,13,0.521211536227559,0.8258928571428571,0.7833333333333333,0.7547169811320755
interaction_only_plus_mains,x1 + x2 + x3 + x2_x3,13,0.5267876741435568,0.8225446428571429,0.7666666666666667,0.7307692307692307
interaction_only_no_x2_x3_mains,x1 + x2_x3,13,0.532015778982174,0.8191964285714286,0.7833333333333333,0.7450980392156863
hierarchical_selected,x1 + x2 + x3 + x1_sq + x2_x3,14,0.43537241867586923,0.9110122358175751,0.8666666666666667,0.8571428571428571
omit_x2_x3_main_effects,x1 + x1_sq + x2_x3,14,0.4470287707210776,0.9010011123470523,0.8333333333333334,0.8275862068965517
interaction_only_plus_mains,x1 + x2 + x3 + x2_x3,14,0.44161296814549533,0.8987764182424917,0.8333333333333334,0.8275862068965517
interaction_only_no_x2_x3_mains,x1 + x2_x3,14,0.4538565289140712,0.8876529477196886,0.85,0.8421052631578947
hierarchical_selected,x1 + x2 + x3 + x1_sq + x2_x3,15,0.6762420609239818,0.6829810901001112,0.5833333333333334,0.5283018867924528
omit_x2_x3_main_effects,x1 + x1_sq + x2_x3,15,0.680351435375128,0.6763070077864294,0.6,0.5555555555555556
interaction_only_plus_mains,x1 + x2 + x3 + x2_x3,15,0.6937826228801004,0.6451612903225805,0.5333333333333333,0.46153846153846156
interaction_only_no_x2_x3_mains,x1 + x2_x3,15,0.6998890393570824,0.6373748609566184,0.5666666666666667,0.5185185185185185
hierarchical_selected,x1 + x2 + x3 + x1_sq + x2_x3,16,0.5057776151866372,0.828125,0.7166666666666667,0.7213114754098361
omit_x2_x3_main_effects,x1 + x1_sq + x2_x3,16,0.49949132813748087,0.8359375,0.7166666666666667,0.711864406779661
interaction_only_plus_mains,x1 + x2 + x3 + x2_x3,16,0.524698028040351,0.8113839285714286,0.7,0.7
interaction_only_no_x2_x3_mains,x1 + x2_x3,16,0.5193150896611309,0.8247767857142858,0.7166666666666667,0.711864406779661
hierarchical_selected,x1 + x2 + x3 + x1_sq + x2_x3,17,0.534061902868528,0.7845982142857143,0.6833333333333333,0.6666666666666666
omit_x2_x3_main_effects,x1 + x1_sq + x2_x3,17,0.540054972428693,0.7834821428571429,0.7166666666666667,0.6909090909090909
interaction_only_plus_mains,x1 + x2 + x3 + x2_x3,17,0.5338993414301857,0.7801339285714286,0.6666666666666666,0.6296296296296297
interaction_only_no_x2_x3_mains,x1 + x2_x3,17,0.5372475754656452,0.7857142857142857,0.6833333333333333,0.6545454545454545
hierarchical_selected,x1 + x2 + x3 + x1_sq + x2_x3,18,0.504416596683345,0.8448660714285715,0.8,0.7857142857142857
omit_x2_x3_main_effects,x1 + x1_sq + x2_x3,18,0.5041566171501904,0.8537946428571429,0.8,0.7857142857142857
interaction_only_plus_mains,x1 + x2 + x3 + x2_x3,18,0.5094024941063799,0.8381696428571428,0.75,0.7272727272727273
interaction_only_no_x2_x3_mains,x1 + x2_x3,18,0.5132466708513047,0.8392857142857143,0.7833333333333333,0.7636363636363637
hierarchical_selected,x1 + x2 + x3 + x1_sq + x2_x3,19,0.4664614133462435,0.8565072302558399,0.75,0.7540983606557377
omit_x2_x3_main_effects,x1 + x1_sq + x2_x3,19,0.47486883827206045,0.8542825361512792,0.8,0.7931034482758621
interaction_only_plus_mains,x1 + x2 + x3 + x2_x3,19,0.4841939417848476,0.8453837597330367,0.7333333333333333,0.7333333333333333
interaction_only_no_x2_x3_mains,x1 + x2_x3,19,0.4923730667859659,0.8420467185761957,0.75,0.7368421052631579
hierarchical_selected,x1 + x2 + x3 + x1_sq + x2_x3,20,0.6905794397390929,0.71412680756396,0.65,0.6181818181818182
omit_x2_x3_main_effects,x1 + x1_sq + x2_x3,20,0.6985329258937505,0.6974416017797553,0.6333333333333333,0.6071428571428571
interaction_only_plus_mains,x1 + x2 + x3 + x2_x3,20,0.66217767664062,0.7063403781979978,0.6666666666666666,0.6296296296296297
interaction_only_no_x2_x3_mains,x1 + x2_x3,20,0.6695397031200637,0.6963292547274751,0.65,0.6181818181818182
hierarchical_selected,x1 + x2 + x3 + x1_sq + x2_x3,21,0.5077387342252229,0.828125,0.7333333333333333,0.6923076923076923
omit_x2_x3_main_effects,x1 + x1_sq + x2_x3,21,0.5013570409278885,0.8292410714285714,0.7166666666666667,0.6792452830188679
interaction_only_plus_mains,x1 + x2 + x3 + x2_x3,21,0.5175138477231712,0.8147321428571429,0.7,0.625
interaction_only_no_x2_x3_mains,x1 + x2_x3,21,0.5116782352272968,0.8191964285714286,0.7166666666666667,0.6666666666666666
hierarchical_selected,x1 + x2 + x3 + x1_sq + x2_x3,22,0.5809841793885842,0.8024553571428571,0.7333333333333333,0.7333333333333333
omit_x2_x3_main_effects,x1 + x1_sq + x2_x3,22,0.5869426038324234,0.796875,0.75,0.7457627118644068
interaction_only_plus_mains,x1 + x2 + x3 + x2_x3,22,0.6063459507696504,0.7488839285714286,0.7166666666666667,0.7213114754098361
interaction_only_no_x2_x3_mains,x1 + x2_x3,22,0.6107840661140111,0.7499999999999999,0.7166666666666667,0.7213114754098361
hierarchical_selected,x1 + x2 + x3 + x1_sq + x2_x3,23,0.5446660841776183,0.7756696428571429,0.65,0.631578947368421
omit_x2_x3_main_effects,x1 + x1_sq + x2_x3,23,0.5324150107437297,0.8058035714285714,0.7166666666666667,0.6909090909090909
interaction_only_plus_mains,x1 + x2 + x3 + x2_x3,23,0.5547569466286296,0.7511160714285714,0.6166666666666667,0.5660377358490566
interaction_only_no_x2_x3_mains,x1 + x2_x3,23,0.5435182888926385,0.7801339285714285,0.7,0.6666666666666666
hierarchical_selected,x1 + x2 + x3 + x1_sq + x2_x3,24,0.5816721601212953,0.7641824249165741,0.7,0.6896551724137931
omit_x2_x3_main_effects,x1 + x1_sq + x2_x3,24,0.5864563104638933,0.7563959955506119,0.7,0.6896551724137931
interaction_only_plus_mains,x1 + x2 + x3 + x2_x3,24,0.5172914611804745,0.8042269187986651,0.7333333333333333,0.7142857142857143
interaction_only_no_x2_x3_mains,x1 + x2_x3,24,0.5189105329824316,0.8075639599555061,0.7333333333333333,0.7142857142857143
hierarchical_selected,x1 + x2 + x3 + x1_sq + x2_x3,25,0.4926395706782833,0.8164627363737487,0.7,0.7
omit_x2_x3_main_effects,x1 + x1_sq + x2_x3,25,0.4984261020255939,0.8175750834260289,0.7333333333333333,0.7419354838709677
interaction_only_plus_mains,x1 + x2 + x3 + x2_x3,25,0.5149630981693066,0.8053392658509455,0.7166666666666667,0.711864406779661
interaction_only_no_x2_x3_mains,x1 + x2_x3,25,0.52089297599682,0.8053392658509455,0.7333333333333333,0.7333333333333333
hierarchical_selected,x1 + x2 + x3 + x1_sq + x2_x3,26,0.4946862106216498,0.8482142857142858,0.7833333333333333,0.7547169811320755
omit_x2_x3_main_effects,x1 + x1_sq + x2_x3,26,0.494072581321709,0.8560267857142857,0.7666666666666667,0.7407407407407407
interaction_only_plus_mains,x1 + x2 + x3 + x2_x3,26,0.5043843571215447,0.8359375,0.75,0.7169811320754716
interaction_only_no_x2_x3_mains,x1 + x2_x3,26,0.5028903847729758,0.8404017857142857,0.75,0.7169811320754716
hierarchical_selected,x1 + x2 + x3 + x1_sq + x2_x3,27,0.5364243190952623,0.7957589285714286,0.7166666666666667,0.7017543859649122
omit_x2_x3_main_effects,x1 + x1_sq + x2_x3,27,0.5439249627062339,0.7879464285714285,0.7333333333333333,0.7142857142857143
interaction_only_plus_mains,x1 + x2 + x3 + x2_x3,27,0.5470631500434899,0.7857142857142857,0.6833333333333333,0.6545454545454545
interaction_only_no_x2_x3_mains,x1 + x2_x3,27,0.55286609322123,0.7857142857142857,0.7166666666666667,0.6909090909090909
hierarchical_selected,x1 + x2 + x3 + x1_sq + x2_x3,28,0.5747952701438692,0.8102678571428572,0.7333333333333333,0.7419354838709677
omit_x2_x3_main_effects,x1 + x1_sq + x2_x3,28,0.5801124305181428,0.8091517857142857,0.7333333333333333,0.7419354838709677
interaction_only_plus_mains,x1 + x2 + x3 + x2_x3,28,0.5477615143993115,0.8046875,0.7166666666666667,0.711864406779661
interaction_only_no_x2_x3_mains,x1 + x2_x3,28,0.5558337933750844,0.8046875,0.75,0.7457627118644068
hierarchical_selected,x1 + x2 + x3 + x1_sq + x2_x3,29,0.5748023746748105,0.7886540600667408,0.7,0.6538461538461539
omit_x2_x3_main_effects,x1 + x1_sq + x2_x3,29,0.5600301934592158,0.8042269187986651,0.7166666666666667,0.6666666666666666
interaction_only_plus_mains,x1 + x2 + x3 + x2_x3,29,0.5924281799105151,0.7664071190211346,0.7,0.64
interaction_only_no_x2_x3_mains,x1 + x2_x3,29,0.5785479865583487,0.778642936596218,0.7166666666666667,0.6666666666666666
hierarchical_selected,x1 + x2 + x3 + x1_sq + x2_x3,30,0.5252665983407256,0.8231368186874305,0.7166666666666667,0.7384615384615385
omit_x2_x3_main_effects,x1 + x1_sq + x2_x3,30,0.5297606686601888,0.825361512791991,0.7,0.7272727272727273
interaction_only_plus_mains,x1 + x2 + x3 + x2_x3,30,0.5407458878340259,0.8153503893214683,0.7333333333333333,0.7419354838709677
interaction_only_no_x2_x3_mains,x1 + x2_x3,30,0.5445630932705338,0.8109010011123471,0.7,0.71875
hierarchical_selected,x1 + x2 + x3 + x1_sq + x2_x3,31,0.6247821601368634,0.7645089285714285,0.7,0.7
omit_x2_x3_main_effects,x1 + x1_sq + x2_x3,31,0.5979204418347593,0.7879464285714286,0.7,0.7096774193548387
interaction_only_plus_mains,x1 + x2 + x3 + x2_x3,31,0.5515587078320962,0.7924107142857143,0.7,0.6896551724137931
interaction_only_no_x2_x3_mains,x1 + x2_x3,31,0.535212550979679,0.8080357142857143,0.7,0.7
hierarchical_selected,x1 + x2 + x3 + x1_sq + x2_x3,32,0.5876102000358859,0.7455357142857143,0.7333333333333333,0.7142857142857143
omit_x2_x3_main_effects,x1 + x1_sq + x2_x3,32,0.5925920454904231,0.7488839285714286,0.7333333333333333,0.7142857142857143
interaction_only_plus_mains,x1 + x2 + x3 + x2_x3,32,0.6116506275571161,0.7176339285714286,0.6833333333333333,0.6666666666666666
interaction_only_no_x2_x3_mains,x1 + x2_x3,32,0.6174854666826646,0.7243303571428571,0.7,0.6785714285714286
hierarchical_selected,x1 + x2 + x3 + x1_sq + x2_x3,33,0.43857514962711297,0.8783482142857143,0.7333333333333333,0.6923076923076923
omit_x2_x3_main_effects,x1 + x1_sq + x2_x3,33,0.4483283448021858,0.8850446428571429,0.7833333333333333,0.7450980392156863
interaction_only_plus_mains,x1 + x2 + x3 + x2_x3,33,0.4516547890926346,0.875,0.75,0.7058823529411765
interaction_only_no_x2_x3_mains,x1 + x2_x3,33,0.46132951288955487,0.8694196428571428,0.75,0.6938775510204082
hierarchical_selected,x1 + x2 + x3 + x1_sq + x2_x3,34,0.5206749857649141,0.8153503893214683,0.7166666666666667,0.7213114754098361
omit_x2_x3_main_effects,x1 + x1_sq + x2_x3,34,0.5089474620020735,0.8264738598442715,0.75,0.7540983606557377
interaction_only_plus_mains,x1 + x2 + x3 + x2_x3,34,0.5351146069387477,0.803114571746385,0.7,0.6896551724137931
interaction_only_no_x2_x3_mains,x1 + x2_x3,34,0.5232522861779321,0.8220244716351501,0.7333333333333333,0.7241379310344828
hierarchical_selected,x1 + x2 + x3 + x1_sq + x2_x3,35,0.5541753085123221,0.8042269187986653,0.7,0.6896551724137931
omit_x2_x3_main_effects,x1 + x1_sq + x2_x3,35,0.564018314678993,0.7997775305895439,0.7166666666666667,0.7017543859649122
interaction_only_plus_mains,x1 + x2 + x3 + x2_x3,35,0.54906903640999,0.796440489432703,0.7166666666666667,0.7017543859649122
interaction_only_no_x2_x3_mains,x1 + x2_x3,35,0.5595231557288745,0.7842046718576196,0.7166666666666667,0.7017543859649122
hierarchical_selected,x1 + x2 + x3 + x1_sq + x2_x3,36,0.5029051261637536,0.828125,0.7833333333333333,0.7936507936507936
omit_x2_x3_main_effects,x1 + x1_sq + x2_x3,36,0.4958042283564564,0.8359375,0.8,0.8064516129032258
interaction_only_plus_mains,x1 + x2 + x3 + x2_x3,36,0.5259875761747589,0.8136160714285714,0.7333333333333333,0.7333333333333333
interaction_only_no_x2_x3_mains,x1 + x2_x3,36,0.518190736253804,0.8236607142857143,0.7833333333333333,0.7868852459016393
hierarchical_selected,x1 + x2 + x3 + x1_sq + x2_x3,37,0.49107962011617,0.8493303571428572,0.75,0.7457627118644068
omit_x2_x3_main_effects,x1 + x1_sq + x2_x3,37,0.49076297797898644,0.8537946428571428,0.7833333333333333,0.7796610169491526
interaction_only_plus_mains,x1 + x2 + x3 + x2_x3,37,0.5149631338632029,0.8303571428571429,0.7333333333333333,0.7333333333333333
interaction_only_no_x2_x3_mains,x1 + x2_x3,37,0.5139490433385535,0.8303571428571429,0.7666666666666667,0.7666666666666667
hierarchical_selected,x1 + x2 + x3 + x1_sq + x2_x3,38,0.5660168551597108,0.7823660714285714,0.6666666666666666,0.5833333333333334
omit_x2_x3_main_effects,x1 + x1_sq + x2_x3,38,0.5472423280938564,0.8013392857142857,0.7,0.625
interaction_only_plus_mains,x1 + x2 + x3 + x2_x3,38,0.5706492688903383,0.7823660714285714,0.6833333333333333,0.5777777777777777
interaction_only_no_x2_x3_mains,x1 + x2_x3,38,0.5554471708738565,0.7924107142857144,0.6833333333333333,0.5957446808510638
hierarchical_selected,x1 + x2 + x3 + x1_sq + x2_x3,39,0.5714777356674177,0.7764182424916575,0.6333333333333333,0.6451612903225806
omit_x2_x3_main_effects,x1 + x1_sq + x2_x3,39,0.5837649113547404,0.7575083426028921,0.6333333333333333,0.6451612903225806
interaction_only_plus_mains,x1 + x2 + x3 + x2_x3,39,0.530579068332335,0.8008898776418243,0.7666666666666667,0.75
interaction_only_no_x2_x3_mains,x1 + x2_x3,39,0.5406921610775008,0.7919911012235817,0.7333333333333333,0.7241379310344828
hierarchical_selected,x1 + x2 + x3 + x1_sq + x2_x3,40,0.5934084486723895,0.7908787541713015,0.7,0.6896551724137931
omit_x2_x3_main_effects,x1 + x1_sq + x2_x3,40,0.603697066905179,0.778642936596218,0.7166666666666667,0.7017543859649122
interaction_only_plus_mains,x1 + x2 + x3 + x2_x3,40,0.5689548678999059,0.7797552836484982,0.6833333333333333,0.6666666666666666
interaction_only_no_x2_x3_mains,x1 + x2_x3,40,0.5798024039970484,0.7764182424916574,0.6833333333333333,0.6666666666666666
hierarchical_selected,x1 + x2 + x3 + x1_sq + x2_x3,41,0.5403394887929044,0.8147321428571428,0.7,0.6896551724137931
omit_x2_x3_main_effects,x1 + x1_sq + x2_x3,41,0.5407253807141588,0.8013392857142857,0.7166666666666667,0.6909090909090909
interaction_only_plus_mains,x1 + x2 + x3 + x2_x3,41,0.5579349976333957,0.7901785714285714,0.7,0.6666666666666666
interaction_only_no_x2_x3_mains,x1 + x2_x3,41,0.5578381551840708,0.7823660714285714,0.7166666666666667,0.7017543859649122
hierarchical_selected,x1 + x2 + x3 + x1_sq + x2_x3,42,0.5886382421063119,0.7767857142857142,0.6166666666666667,0.5818181818181818
omit_x2_x3_main_effects,x1 + x1_sq + x2_x3,42,0.5990544806799425,0.7723214285714286,0.65,0.6181818181818182
interaction_only_plus_mains,x1 + x2 + x3 + x2_x3,42,0.5567075125267326,0.7790178571428571,0.6666666666666666,0.6296296296296297
interaction_only_no_x2_x3_mains,x1 + x2_x3,42,0.5684208170410071,0.7745535714285715,0.6833333333333333,0.6545454545454545
hierarchical_selected,x1 + x2 + x3 + x1_sq + x2_x3,43,0.43114896273937703,0.890625,0.8,0.7857142857142857
omit_x2_x3_main_effects,x1 + x1_sq + x2_x3,43,0.4248246929379987,0.8995535714285714,0.8166666666666667,0.8070175438596491
interaction_only_plus_mains,x1 + x2 + x3 + x2_x3,43,0.4390927062038012,0.8861607142857142,0.7666666666666667,0.7407407407407407
interaction_only_no_x2_x3_mains,x1 + x2_x3,43,0.4319211108967628,0.8962053571428572,0.7666666666666667,0.7407407407407407
hierarchical_selected,x1 + x2 + x3 + x1_sq + x2_x3,44,0.5627059538879066,0.7953281423804226,0.7,0.7096774193548387
omit_x2_x3_main_effects,x1 + x1_sq + x2_x3,44,0.5660741641815127,0.7830923248053393,0.7166666666666667,0.7213114754098361
interaction_only_plus_mains,x1 + x2 + x3 + x2_x3,44,0.5796488458673833,0.775305895439377,0.7333333333333333,0.7333333333333333
interaction_only_no_x2_x3_mains,x1 + x2_x3,44,0.5834139559568847,0.7741935483870968,0.75,0.7540983606557377
hierarchical_selected,x1 + x2 + x3 + x1_sq + x2_x3,45,0.5681948096392113,0.7786429365962181,0.7333333333333333,0.7241379310344828
omit_x2_x3_main_effects,x1 + x1_sq + x2_x3,45,0.5568491338782066,0.7908787541713014,0.7666666666666667,0.7586206896551724
interaction_only_plus_mains,x1 + x2 + x3 + x2_x3,45,0.5847496198144105,0.7497219132369299,0.7,0.6896551724137931
interaction_only_no_x2_x3_mains,x1 + x2_x3,45,0.5765374160426099,0.7675194660734149,0.7333333333333333,0.7142857142857143
hierarchical_selected,x1 + x2 + x3 + x1_sq + x2_x3,46,0.6033619168492168,0.7399553571428571,0.6333333333333333,0.6071428571428571
omit_x2_x3_main_effects,x1 + x1_sq + x2_x3,46,0.610400858555316,0.7399553571428571,0.6333333333333333,0.6071428571428571
interaction_only_plus_mains,x1 + x2 + x3 + x2_x3,46,0.624083925684696,0.7265625,0.6333333333333333,0.6071428571428571
interaction_only_no_x2_x3_mains,x1 + x2_x3,46,0.6318195799348482,0.7232142857142857,0.6333333333333333,0.6071428571428571
hierarchical_selected,x1 + x2 + x3 + x1_sq + x2_x3,47,0.5383338015208154,0.7946428571428571,0.6833333333333333,0.6545454545454545
omit_x2_x3_main_effects,x1 + x1_sq + x2_x3,47,0.5137154417441041,0.8180803571428571,0.7166666666666667,0.6909090909090909
interaction_only_plus_mains,x1 + x2 + x3 + x2_x3,47,0.561398766608978,0.7756696428571428,0.6666666666666666,0.6
interaction_only_no_x2_x3_mains,x1 + x2_x3,47,0.5364299439043976,0.8002232142857143,0.7333333333333333,0.6923076923076923
hierarchical_selected,x1 + x2 + x3 + x1_sq + x2_x3,48,0.5221469978366053,0.8125,0.7666666666666667,0.7586206896551724
omit_x2_x3_main_effects,x1 + x1_sq + x2_x3,48,0.5101124630233753,0.8113839285714286,0.7833333333333333,0.7796610169491526
interaction_only_plus_mains,x1 + x2 + x3 + x2_x3,48,0.5063594602793646,0.8247767857142858,0.75,0.7368421052631579
interaction_only_no_x2_x3_mains,x1 + x2_x3,48,0.49601052858960665,0.8348214285714286,0.7666666666666667,0.7666666666666667
hierarchical_selected,x1 + x2 + x3 + x1_sq + x2_x3,49,0.5459136712499945,0.8197997775305896,0.7666666666666667,0.7407407407407407
omit_x2_x3_main_effects,x1 + x1_sq + x2_x3,49,0.5467288280691077,0.8153503893214683,0.7833333333333333,0.7719298245614035
interaction_only_plus_mains,x1 + x2 + x3 + x2_x3,49,0.5095931882244867,0.8253615127919911,0.7333333333333333,0.7037037037037037
interaction_only_no_x2_x3_mains,x1 + x2_x3,49,0.5103016840291826,0.8264738598442714,0.7333333333333333,0.6923076923076923
hierarchical_selected,x1 + x2 + x3 + x1_sq + x2_x3,50,0.5253760063198607,0.8097886540600667,0.7166666666666667,0.7213114754098361
omit_x2_x3_main_effects,x1 + x1_sq + x2_x3,50,0.5349341876702572,0.7986651835372636,0.75,0.7540983606557377
interaction_only_plus_mains,x1 + x2 + x3 + x2_x3,50,0.5292887059699328,0.8120133481646274,0.7666666666666667,0.7666666666666667
interaction_only_no_x2_x3_mains,x1 + x2_x3,50,0.5397602532291808,0.7997775305895439,0.7833333333333333,0.7796610169491526
