model,family,degree,penalty,C,log_loss_mean,log_loss_sd,auc_mean,auc_sd,accuracy_mean,f1_mean
glm_current_simple,statsmodels_glm,,none,,0.5415832667559666,0.05206553625234894,0.8038212100746861,0.04118702458489824,0.716,0.7029654974364524
ridge_poly2_C0.3,sklearn_regularized,2,l2,0.3,0.542082705465027,0.046898768877748076,0.8048324527252503,0.04538666798140888,0.7216666666666667,0.7050032970481404
ridge_poly2_C1,sklearn_regularized,2,l2,1,0.5445378561720413,0.054570523546925896,0.804520101700302,0.04555065637758744,0.7236666666666666,0.7077338508737221
lasso_poly2_C1,sklearn_regularized,2,l1,1,0.54495276355834,0.05292016900798942,0.8037619180041315,0.04420273614855959,0.7186666666666666,0.704943030638553
glm_best_subset,statsmodels_glm,,none,,0.5449915865931595,0.060441907421817404,0.8063468834419196,0.04532535618531351,0.7196666666666667,0.7069580755029145
lasso_poly2_C0.3,sklearn_regularized,2,l1,0.3,0.5461152713811547,0.04368007792892512,0.8001248659224536,0.04470748171209468,0.7176666666666667,0.7095223150927112
ridge_poly2_C0.1,sklearn_regularized,2,l2,0.1,0.5464282041167191,0.03624935313209973,0.805033420069919,0.04572222075370104,0.7203333333333333,0.7024852707209915
ridge_poly2_C3,sklearn_regularized,2,l2,3,0.546506336854392,0.057829279894415976,0.8042750129111711,0.04542082723954332,0.7226666666666667,0.7064448659883575
lasso_poly2_C3,sklearn_regularized,2,l1,3,0.5465085089640032,0.05732216492874739,0.8039628853488003,0.04518651702112539,0.723,0.7083520192696467
lasso_poly2_C10,sklearn_regularized,2,l1,10,0.5474084853205555,0.05906170438308209,0.8039627363737486,0.04529363153358705,0.7240000000000001,0.7086726848711176
ridge_poly2_C10,sklearn_regularized,2,l2,10,0.5474322239780713,0.05917227005530336,0.8040970373828062,0.0453781204658007,0.7240000000000001,0.7084902960107626
lasso_poly2_C30,sklearn_regularized,2,l1,30,0.5477015189411717,0.05953670037590945,0.803963406761481,0.04545883670156448,0.7240000000000001,0.7084902960107626
ridge_poly2_C30,sklearn_regularized,2,l2,30,0.5477270105769595,0.059578524112368754,0.8039411598204355,0.045429199460144336,0.7243333333333334,0.7088772007726675
lasso_poly2_C100,sklearn_regularized,2,l1,100,0.5478110961271304,0.05970625886722594,0.8038964424757666,0.04554201325601776,0.7243333333333334,0.7088772007726675
ridge_poly2_C100,sklearn_regularized,2,l2,100,0.547833817072886,0.05972378867692102,0.803874270022247,0.045397785821889594,0.7243333333333334,0.7088772007726675
glm_full_degree2,statsmodels_glm,,none,,0.5478613221210321,0.05978208723381728,0.8039411598204355,0.04544186611238283,0.7243333333333334,0.7088772007726675
lasso_poly3_C0.3,sklearn_regularized,3,l1,0.3,0.5496964175513395,0.046021537196867995,0.7992815678134435,0.04502415578405478,0.7183333333333333,0.7081379527259731
ridge_poly4_C0.1,sklearn_regularized,4,l2,0.1,0.552033518882834,0.04677667921066489,0.8005577625933578,0.04551573483634265,0.7186666666666666,0.6956103056377269
lasso_poly4_C0.3,sklearn_regularized,4,l1,0.3,0.5521393649706834,0.045063318132053644,0.7969401269267441,0.0440346956546067,0.7156666666666667,0.7029161037632999
lasso_poly5_C0.3,sklearn_regularized,5,l1,0.3,0.5523930634100017,0.044915008657614955,0.7964943687430478,0.04400110356851714,0.715,0.7025473451982343
lasso_poly6_C0.3,sklearn_regularized,6,l1,0.3,0.5526335457330613,0.04523280751827244,0.796360514659145,0.04436148669013678,0.7143333333333334,0.702631597641668
ridge_poly5_C0.1,sklearn_regularized,5,l2,0.1,0.555528647228453,0.05089760433664888,0.8004448891625615,0.04681065248673351,0.7186666666666666,0.6954629907633547
ridge_poly3_C0.1,sklearn_regularized,3,l2,0.1,0.555534524268342,0.044008756138206345,0.8004851372556808,0.04564507182126001,0.7240000000000001,0.7065698640821266
lasso_poly2_C0.1,sklearn_regularized,2,l1,0.1,0.5579299275999551,0.031384127516644815,0.7981861790878755,0.04672215251075507,0.7203333333333333,0.7134788968921167
ridge_poly4_C0.03,sklearn_regularized,4,l2,0.03,0.5581605836215513,0.02919871414927311,0.8058360976481805,0.04443794465231975,0.7216666666666667,0.6937669182689419
lasso_poly3_C0.1,sklearn_regularized,3,l1,0.1,0.5584159658690411,0.03125637782525218,0.7975619984506594,0.046710818214372896,0.721,0.7140860486802572
ridge_poly6_C0.1,sklearn_regularized,6,l2,0.1,0.559515050778141,0.05468976087664656,0.7955421450421103,0.04807073234060962,0.7240000000000001,0.7022787504111423
lasso_poly5_C0.1,sklearn_regularized,5,l1,0.1,0.5596533790735191,0.031049922450931765,0.7956461544573336,0.04698634784974043,0.7216666666666667,0.7142617685441501
lasso_poly6_C0.1,sklearn_regularized,6,l1,0.1,0.5596768511280473,0.031035382337237353,0.7956238330287622,0.04698601725848284,0.7216666666666667,0.7142617685441501
lasso_poly4_C0.1,sklearn_regularized,4,l1,0.1,0.5596987660759318,0.03110086618774605,0.7957354401716192,0.04698748629056947,0.7216666666666667,0.7144611987435803
ridge_poly6_C0.03,sklearn_regularized,6,l2,0.03,0.5601019749535047,0.03272649144611669,0.8011552270379787,0.045998638586046685,0.72,0.6921396558303026
ridge_poly5_C0.03,sklearn_regularized,5,l2,0.03,0.5609765940926303,0.03166700220152843,0.8044971098839981,0.04535742938976879,0.723,0.6960425655018514
ridge_poly3_C0.3,sklearn_regularized,3,l2,0.3,0.5622472784607023,0.06168567472186982,0.7970098472509137,0.04549114316154054,0.7216666666666667,0.7040900019635439
lasso_poly3_C1,sklearn_regularized,3,l1,1,0.5672340775094935,0.07007999263134115,0.7943794940807245,0.0462423674008048,0.7170000000000001,0.7005275439402578
ridge_poly4_C0.3,sklearn_regularized,4,l2,0.3,0.5689445847947394,0.06936303271129368,0.7953204949944382,0.04658309411890694,0.7223333333333334,0.7034718847949015
ridge_poly5_C0.3,sklearn_regularized,5,l2,0.3,0.5695183240384556,0.07229507841441495,0.7949131972032417,0.047481984908525315,0.722,0.7022065932227605
ridge_poly2_C0.03,sklearn_regularized,2,l2,0.03,0.5712393192026098,0.023431794852931828,0.8032289597568727,0.04706465036426457,0.7233333333333333,0.7017947777394953
ridge_poly3_C0.03,sklearn_regularized,3,l2,0.03,0.5720438567093011,0.02843679082143519,0.8009732291832194,0.04948916369572834,0.7216666666666667,0.696398624448575
ridge_poly3_C1,sklearn_regularized,3,l2,1,0.5799021110790963,0.08040489390851191,0.791926818488797,0.044741625933132724,0.7146666666666667,0.694640134802955
ridge_poly6_C0.3,sklearn_regularized,6,l2,0.3,0.58256205448189,0.0814920913196902,0.7880278682663276,0.05049697590192436,0.7240000000000001,0.7074244791455633
ridge_poly6_C0.01,sklearn_regularized,6,l2,0.01,0.5837059191762193,0.020603985351552345,0.8048760527570316,0.04447079368805385,0.7153333333333333,0.6667445841006503
lasso_poly3_C3,sklearn_regularized,3,l1,3,0.5873442111210971,0.08848270739123358,0.7893182653344987,0.04433072072703594,0.715,0.69543261286671
ridge_poly4_C0.01,sklearn_regularized,4,l2,0.01,0.5876631433520474,0.018471203742655738,0.8084889957095186,0.04399293594087567,0.7233333333333333,0.6776480642569364
ridge_poly5_C0.01,sklearn_regularized,5,l2,0.01,0.5888592644608494,0.020048453082380163,0.806948370212935,0.0460663129295445,0.7236666666666666,0.6786013951207626
ridge_poly3_C3,sklearn_regularized,3,l2,3,0.5940735778732297,0.0934367567656248,0.7873339673049421,0.04476689868919343,0.7126666666666667,0.6911914070729176
lasso_poly4_C1,sklearn_regularized,4,l1,1,0.5966247014293038,0.08746877388742512,0.7832615852931829,0.04905508949365669,0.7213333333333333,0.7051752045244633
lasso_poly3_C10,sklearn_regularized,3,l1,10,0.6002780364707457,0.10046600242069055,0.7859516774590816,0.045120324269713956,0.7123333333333334,0.6921289907280496
ridge_poly3_C10,sklearn_regularized,3,l2,10,0.6025680264506221,0.10174752562715965,0.7849937927061815,0.04544173516280128,0.7113333333333333,0.6908202281606967
lasso_poly3_C30,sklearn_regularized,3,l1,30,0.6048067436747347,0.10446570139361791,0.7847709508580962,0.04524150213556213,0.711,0.6904189664365454
ridge_poly3_C30,sklearn_regularized,3,l2,30,0.6056091929396424,0.10485680548477391,0.7845705049261084,0.04523403532367434,0.7106666666666667,0.6901871449222409
lasso_poly3_C100,sklearn_regularized,3,l1,100,0.6064807200295419,0.10593862068149414,0.7843251181868743,0.04517998229276597,0.7103333333333333,0.689961156221676
ridge_poly3_C100,sklearn_regularized,3,l2,100,0.6067624620377139,0.10608723071986738,0.7842806987923089,0.045215571881350294,0.7106666666666667,0.6901871449222409
ridge_poly3_C0.01,sklearn_regularized,3,l2,0.01,0.607333807520041,0.017880100111241824,0.7937722717702209,0.051759953405837035,0.7116666666666667,0.6658864978011024
lasso_poly5_C1,sklearn_regularized,5,l1,1,0.6088856872736518,0.08799449085839918,0.7799769833545208,0.046917560870100815,0.7203333333333333,0.7023548240753871
ridge_poly5_C1,sklearn_regularized,5,l2,1,0.611919744658404,0.10309379764164317,0.7815112774114096,0.050454745587767906,0.7173333333333334,0.7022393453492387
ridge_poly2_C0.01,sklearn_regularized,2,l2,0.01,0.6124690489580564,0.013199028022338346,0.799998460591133,0.04850999918338214,0.7170000000000001,0.6763159607287276
ridge_poly4_C1,sklearn_regularized,4,l2,1,0.6135371094762907,0.10592389005469488,0.7841269813681869,0.047671227523168734,0.7263333333333334,0.7122267047312735
lasso_poly6_C1,sklearn_regularized,6,l1,1,0.616155155913948,0.10128146170088748,0.7746772207214366,0.0526942240194081,0.7140000000000001,0.6988868726959895
ridge_poly1_C0.1,sklearn_regularized,1,l2,0.1,0.638860279093483,0.03765544785788492,0.6923675611790878,0.06727010598431171,0.6136666666666667,0.5743735731664423
ridge_poly1_C0.3,sklearn_regularized,1,l2,0.3,0.639021092980949,0.04409653280707175,0.6920776805577625,0.0669958762402436,0.6146666666666667,0.5795881229479477
ridge_poly1_C1,sklearn_regularized,1,l2,1,0.6396484270923025,0.04710663147794327,0.6921667428094709,0.06699770974410776,0.6166666666666667,0.5828749908984894
ridge_poly1_C3,sklearn_regularized,1,l2,3,0.6399142331023314,0.04807448163102879,0.6921220254648022,0.06683836736982772,0.6166666666666667,0.583228728910385
ridge_poly1_C10,sklearn_regularized,1,l2,10,0.6400182980783632,0.048426107130390084,0.6920550611790879,0.06681904645881327,0.617,0.5837675760281794
ridge_poly1_C30,sklearn_regularized,1,l2,30,0.6400491237395757,0.048527865149499055,0.6920104928094709,0.06684302568362487,0.6166666666666667,0.5835439561819181
ridge_poly1_C100,sklearn_regularized,1,l2,100,0.6400600295268261,0.04856361821567304,0.6920104928094709,0.06684302568362487,0.6166666666666667,0.5835439561819181
ridge_poly6_C1,sklearn_regularized,6,l2,1,0.6432738681874548,0.11896313129043373,0.7742484208644526,0.054361032074482736,0.708,0.6947124714221617
ridge_poly1_C0.03,sklearn_regularized,1,l2,0.03,0.6440232104493389,0.02575871847273587,0.6923898826076593,0.06703436305990113,0.617,0.5657829349230474
lasso_poly5_C0.03,sklearn_regularized,5,l1,0.03,0.645124204747102,0.007872069429875278,0.7766843615922454,0.04838718838774994,0.698,0.6874660304967054
lasso_poly6_C0.03,sklearn_regularized,6,l1,0.03,0.6451242788335257,0.007871976488205366,0.776706608533291,0.04840349416662198,0.698,0.6874660304967054
lasso_poly3_C0.03,sklearn_regularized,3,l1,0.03,0.6451244342154382,0.007871993330001154,0.7766843615922454,0.04838718838774994,0.698,0.6874660304967054
lasso_poly2_C0.03,sklearn_regularized,2,l1,0.03,0.6451245454348331,0.007871907168484104,0.776706608533291,0.04840349416662198,0.698,0.6874660304967054
lasso_poly4_C0.03,sklearn_regularized,4,l1,0.03,0.6451245829111925,0.007872063892445111,0.776706608533291,0.04840349416662198,0.698,0.6874660304967054
ridge_poly1_C0.01,sklearn_regularized,1,l2,0.01,0.65831265961428,0.014033775011395149,0.6926351203718417,0.06661318353083652,0.6176666666666667,0.5271320825680997
ridge_poly4_C3,sklearn_regularized,4,l2,3,0.6825181379548801,0.15956629465472433,0.7716437410614969,0.051145490117422004,0.7083333333333333,0.6969581759635303
lasso_poly2_C0.01,sklearn_regularized,2,l1,0.01,0.6931471805599455,0.0,0.5,0.0,0.4733333333333334,0.6424923391215526
lasso_poly3_C0.01,sklearn_regularized,3,l1,0.01,0.6931471805599455,0.0,0.5,0.0,0.4733333333333334,0.6424923391215526
lasso_poly4_C0.01,sklearn_regularized,4,l1,0.01,0.6931471805599455,0.0,0.5,0.0,0.4733333333333334,0.6424923391215526
lasso_poly5_C0.01,sklearn_regularized,5,l1,0.01,0.6931471805599455,0.0,0.5,0.0,0.4733333333333334,0.6424923391215526
lasso_poly6_C0.01,sklearn_regularized,6,l1,0.01,0.6931471805599455,0.0,0.5,0.0,0.4733333333333334,0.6424923391215526
ridge_poly5_C3,sklearn_regularized,5,l2,3,0.6939778221561654,0.15239002760931036,0.7692057891705069,0.05530903023738114,0.7070000000000001,0.6936600929250322
lasso_poly4_C3,sklearn_regularized,4,l1,3,0.6992687585949875,0.16627826022720513,0.7670536459160973,0.05160214825985345,0.7066666666666667,0.6959484972055683
lasso_poly5_C3,sklearn_regularized,5,l1,3,0.7413033716045746,0.17635073666717438,0.7650791554107738,0.057545169355841676,0.7086666666666666,0.6937382051676948
ridge_poly6_C3,sklearn_regularized,6,l2,3,0.7416175926176461,0.177227020973583,0.7591803640950262,0.059830732071316055,0.6920000000000001,0.6798390663343166
lasso_poly6_C3,sklearn_regularized,6,l1,3,0.7732813361850194,0.20588223386801371,0.7559877294215795,0.058444763596046986,0.698,0.6831684607509821
ridge_poly4_C10,sklearn_regularized,4,l2,10,0.7752082435984918,0.231680563278988,0.7611436069839504,0.05583539676296035,0.6966666666666668,0.6860622398383817
lasso_poly4_C10,sklearn_regularized,4,l1,10,0.8158189243773354,0.26330933404847956,0.7572410068727158,0.05628024404255011,0.6936666666666667,0.6832116446695514
ridge_poly4_C30,sklearn_regularized,4,l2,30,0.8437475086489021,0.27809659363922246,0.7551440588749404,0.05729198839859505,0.6926666666666667,0.6824718558955755
ridge_poly5_C10,sklearn_regularized,5,l2,10,0.8460250751377447,0.24183774922189172,0.7547155569680598,0.06298119450145015,0.696,0.6804722327466131
lasso_poly4_C30,sklearn_regularized,4,l1,30,0.8757375179089937,0.30508708565545567,0.7531472965993962,0.05774215017567955,0.6920000000000001,0.6812999190655215
ridge_poly4_C100,sklearn_regularized,4,l2,100,0.8876189455685357,0.3085574025176625,0.7518554097807087,0.05791105750344425,0.6913333333333332,0.6807945911534263
lasso_poly4_C100,sklearn_regularized,4,l1,100,0.9014421638165864,0.3202903537935882,0.7508735648736692,0.057812683691342445,0.6906666666666667,0.6800879057096713
ridge_poly6_C10,sklearn_regularized,6,l2,10,0.9078460639048762,0.2911395655945828,0.7458664389003654,0.0638720007320388,0.6876666666666666,0.6716848487271458
lasso_poly5_C10,sklearn_regularized,5,l1,10,1.0234539350682075,0.32214490579894095,0.7459843526537422,0.06234422545991468,0.6890000000000001,0.6747494377707095
ridge_poly5_C30,sklearn_regularized,5,l2,30,1.0335694715428645,0.3443583525478897,0.7432562718496744,0.06472358596647275,0.6913333333333332,0.6754016699700138
ridge_poly6_C30,sklearn_regularized,6,l2,30,1.1304384645971013,0.4284356969316712,0.7335374001867154,0.06439182741123493,0.6759999999999999,0.6561772392882623
lasso_poly6_C10,sklearn_regularized,6,l1,10,1.2028091035217567,0.44031631385721537,0.7270243102455108,0.06167520988604378,0.6759999999999999,0.6570275044477633
ridge_poly5_C100,sklearn_regularized,5,l2,100,1.3160254038813446,0.492489661660022,0.728028613141586,0.06834471162294296,0.68,0.6622640735016703
lasso_poly5_C30,sklearn_regularized,5,l1,30,1.441557872327283,0.5818004174822152,0.7264319978547593,0.06863045603004636,0.6773333333333333,0.6602443999152914
ridge_poly6_C100,sklearn_regularized,6,l2,100,1.5054240874678928,0.6126586854087909,0.7205173655251867,0.06258875915646432,0.664,0.6403209385288686
lasso_poly5_C100,sklearn_regularized,5,l1,100,1.78441768268687,0.7601316332147389,0.7135989765413951,0.07196499828498912,0.6653333333333333,0.6461243229696767
lasso_poly6_C30,sklearn_regularized,6,l1,30,1.9384639977963518,0.7029300198384865,0.7065665595701573,0.059162606144541115,0.6516666666666667,0.6275420664123783
lasso_poly6_C100,sklearn_regularized,6,l1,100,2.8166215044838565,0.8750508503489973,0.6961045879350071,0.05662666886262928,0.6383333333333333,0.6141616363851682
