cv_seed,fold,model,log_loss,brier_score,roc_auc,mean_probability,observed_prevalence,inner_selected_log_loss,selected_parameters
0,1,raw_l2,0.34849678547587293,0.10578619104625474,0.8082788671023965,0.15757270330987722,0.15,0.37805078344446236,"{""logistic__C"": 0.1}"
0,1,domain_log_l2,0.37524083701855215,0.11325365779757983,0.7516339869281046,0.15233489260509073,0.15,0.38152744295424423,"{""logistic__C"": 0.03162277660168379}"
0,1,raw_l1,0.3680470647141493,0.11120337761784077,0.7363834422657952,0.16501532283349715,0.15,0.38948856133935356,"{""logistic__C"": 0.31622776601683794}"
0,1,ordinal_onehot_l2,0.39774544729278727,0.12691287290603248,0.7320261437908497,0.15899769704371852,0.15,0.387611772427575,"{""logistic__C"": 0.31622776601683794}"
0,1,quadratic_l2,0.35656828249272815,0.10803822277469534,0.7777777777777778,0.15466732697427935,0.15,0.37590536009328174,"{""logistic__C"": 0.01}"
0,1,spline_degree2_l2,0.3696283889067147,0.11217439164217431,0.7908496732026142,0.14909436146880406,0.15,0.38167191667713013,"{""logistic__C"": 0.01}"
0,1,spline_degree3_l2,0.3779899823395168,0.11494790195911278,0.7494553376906318,0.15042406431777247,0.15,0.37935367791870267,"{""logistic__C"": 0.01}"
0,2,raw_l2,0.2970524027050774,0.08429041010869565,0.8507625272331154,0.1762471605212746,0.15,0.39263225522831285,"{""logistic__C"": 0.1}"
0,2,domain_log_l2,0.3016535799433023,0.0839792037187138,0.8703703703703703,0.1775032789760579,0.15,0.40529847247144624,"{""logistic__C"": 0.03162277660168379}"
0,2,raw_l1,0.31340987197877546,0.08845542263426794,0.8028322440087146,0.1880436652729265,0.15,0.4082493160891418,"{""logistic__C"": 0.31622776601683794}"
0,2,ordinal_onehot_l2,0.33077482245867457,0.10043351666432478,0.855119825708061,0.14799402432176795,0.15,0.41902632098205056,"{""logistic__C"": 0.1}"
0,2,quadratic_l2,0.30568195487263555,0.08655187579832667,0.8376906318082789,0.1737374910486636,0.15,0.3904393886504324,"{""logistic__C"": 0.01}"
0,2,spline_degree2_l2,0.2896740898524012,0.08191145078940479,0.855119825708061,0.17234850428243773,0.15,0.39792723838335997,"{""logistic__C"": 0.03162277660168379}"
0,2,spline_degree3_l2,0.2896141197826592,0.08226674481627734,0.8551198257080609,0.1711824479869014,0.15,0.40383561147473357,"{""logistic__C"": 0.03162277660168379}"
0,3,raw_l2,0.39583156896666977,0.12267784949842962,0.7516339869281046,0.08235077060537813,0.15,0.3543603020043629,"{""logistic__C"": 0.31622776601683794}"
0,3,domain_log_l2,0.40145663784005087,0.12563530143095142,0.7254901960784313,0.11092667669248821,0.15,0.3687095800618104,"{""logistic__C"": 0.1}"
0,3,raw_l1,0.4029491897784759,0.12524866079132804,0.7080610021786492,0.1068918580577292,0.15,0.3665265384052927,"{""logistic__C"": 0.31622776601683794}"
0,3,ordinal_onehot_l2,0.40248758259402423,0.12366053841551444,0.710239651416122,0.1025024433594248,0.15,0.3773325282852583,"{""logistic__C"": 0.31622776601683794}"
0,3,quadratic_l2,0.4007574418720013,0.12496038427007045,0.7494553376906318,0.08463127057828879,0.15,0.3473697613605089,"{""logistic__C"": 0.03162277660168379}"
0,3,spline_degree2_l2,0.42833767731090894,0.13098461630740083,0.6971677559912854,0.08765057358962655,0.15,0.3505267696103749,"{""logistic__C"": 0.1}"
0,3,spline_degree3_l2,0.4309558402310516,0.13367107668130704,0.7167755991285403,0.08916465962881868,0.15,0.34098923630515376,"{""logistic__C"": 0.1}"
0,4,raw_l2,0.3928250319170103,0.12130999632692306,0.724,0.16614802199181103,0.16666666666666666,0.38193728242336034,"{""logistic__C"": 0.1}"
0,4,domain_log_l2,0.38510571436553265,0.11922829853834084,0.778,0.17365015052115004,0.16666666666666666,0.38068164181124947,"{""logistic__C"": 0.1}"
0,4,raw_l1,0.3985689974410034,0.12397484829618202,0.7220000000000001,0.17850765469315336,0.16666666666666666,0.40139197109423275,"{""logistic__C"": 0.31622776601683794}"
0,4,ordinal_onehot_l2,0.4129424462416884,0.12905207134468463,0.7100000000000001,0.19053788678895967,0.16666666666666666,0.40255986118221215,"{""logistic__C"": 0.31622776601683794}"
0,4,quadratic_l2,0.38801133471804544,0.12093300459840131,0.746,0.1694686091462697,0.16666666666666666,0.38071282810417123,"{""logistic__C"": 0.01}"
0,4,spline_degree2_l2,0.3928885062528783,0.1217113638636209,0.732,0.17362675210479633,0.16666666666666666,0.3785860746615562,"{""logistic__C"": 0.03162277660168379}"
0,4,spline_degree3_l2,0.38251901480008266,0.1176553908089514,0.762,0.16733221653434674,0.16666666666666666,0.38067683823907017,"{""logistic__C"": 0.03162277660168379}"
0,5,raw_l2,0.40534430211548916,0.12261721827592109,0.641,0.16359258909713623,0.16666666666666666,0.3587480957828918,"{""logistic__C"": 0.1}"
0,5,domain_log_l2,0.4824308800662421,0.13363597382975087,0.5210000000000001,0.1593211161447556,0.16666666666666666,0.3516901405649052,"{""logistic__C"": 0.31622776601683794}"
0,5,raw_l1,0.43162709483461564,0.12826635022248936,0.619,0.16902575439204653,0.16666666666666666,0.371684916489637,"{""logistic__C"": 1.0}"
0,5,ordinal_onehot_l2,0.3984601044625597,0.12645875714232566,0.735,0.16144700722870783,0.16666666666666666,0.39534226243988063,"{""logistic__C"": 0.31622776601683794}"
0,5,quadratic_l2,0.4113504248750532,0.12496374896710344,0.635,0.171022287026872,0.16666666666666666,0.36032322188021565,"{""logistic__C"": 0.03162277660168379}"
0,5,spline_degree2_l2,0.4013509090473782,0.12036037046636722,0.651,0.1594679357689851,0.16666666666666666,0.357834637486657,"{""logistic__C"": 0.03162277660168379}"
0,5,spline_degree3_l2,0.41626615392547583,0.12392457705348674,0.6210000000000001,0.16288561743271104,0.16666666666666666,0.3542952219143479,"{""logistic__C"": 0.03162277660168379}"
42,1,raw_l2,0.3959944138302175,0.12362798410041866,0.681917211328976,0.1970846269087149,0.15,0.3634732579919028,"{""logistic__C"": 0.31622776601683794}"
42,1,domain_log_l2,0.4064660968404366,0.1236712943993798,0.6122004357298475,0.18873009370582566,0.15,0.3651647907370046,"{""logistic__C"": 0.1}"
42,1,raw_l1,0.4039924054133065,0.12764482270782626,0.681917211328976,0.20597690858995063,0.15,0.37056848010919347,"{""logistic__C"": 1.0}"
42,1,ordinal_onehot_l2,0.39677476708833787,0.1342174736483392,0.7625272331154684,0.19021947561121147,0.15,0.378921243488867,"{""logistic__C"": 3.1622776601683795}"
42,1,quadratic_l2,0.3996090772052038,0.12611706129305586,0.6666666666666667,0.19433872320738194,0.15,0.3607081425509513,"{""logistic__C"": 0.1}"
42,1,spline_degree2_l2,0.37383106358496304,0.11483176329836013,0.7145969498910675,0.17531403891556796,0.15,0.363804741395231,"{""logistic__C"": 0.03162277660168379}"
42,1,spline_degree3_l2,0.3848533408339009,0.12122993796307327,0.6993464052287581,0.18445704081472591,0.15,0.3583446089890855,"{""logistic__C"": 0.1}"
42,2,raw_l2,0.3826586626122854,0.11734235934001497,0.7058823529411764,0.15270257987140895,0.15,0.3651457108994735,"{""logistic__C"": 0.1}"
42,2,domain_log_l2,0.38135019012307736,0.11780939617895161,0.7429193899782135,0.15029157192045903,0.15,0.37260170588496944,"{""logistic__C"": 0.1}"
42,2,raw_l1,0.3864491280418164,0.11714364226506208,0.7015250544662309,0.15808330605983054,0.15,0.3710457119698488,"{""logistic__C"": 1.0}"
42,2,ordinal_onehot_l2,0.40424125654504667,0.12260534437383286,0.6928104575163399,0.16024399920675825,0.15,0.3803149547318543,"{""logistic__C"": 1.0}"
42,2,quadratic_l2,0.3976125475936749,0.12320301888342462,0.6753812636165577,0.16341671831269483,0.15,0.3631241632328391,"{""logistic__C"": 0.1}"
42,2,spline_degree2_l2,0.3802006192990695,0.1148888985077454,0.6928104575163399,0.14991442305793998,0.15,0.3647078232600356,"{""logistic__C"": 0.03162277660168379}"
42,2,spline_degree3_l2,0.3885300346237609,0.11700913319749555,0.6971677559912854,0.15278734828431817,0.15,0.35927469033927484,"{""logistic__C"": 0.1}"
42,3,raw_l2,0.28874201692711277,0.08153595363355491,0.8747276688453158,0.1666629543934703,0.15,0.39302450694786967,"{""logistic__C"": 0.1}"
42,3,domain_log_l2,0.3042239894389802,0.08647859792633009,0.9008714596949892,0.16538080468572183,0.15,0.4013504021590747,"{""logistic__C"": 0.03162277660168379}"
42,3,raw_l1,0.3069717768487513,0.08538671937276456,0.8289760348583878,0.17984489323608896,0.15,0.4013907188234677,"{""logistic__C"": 0.31622776601683794}"
42,3,ordinal_onehot_l2,0.33758189038091835,0.10082646688024317,0.8877995642701525,0.15807377227385855,0.15,0.41144729693903137,"{""logistic__C"": 0.1}"
42,3,quadratic_l2,0.29862175170811067,0.08594727988793632,0.8747276688453159,0.15649380194996773,0.15,0.3915996913007441,"{""logistic__C"": 0.01}"
42,3,spline_degree2_l2,0.2827943627930302,0.07881042384305105,0.8616557734204793,0.16820565735535004,0.15,0.3981013671053202,"{""logistic__C"": 0.03162277660168379}"
42,3,spline_degree3_l2,0.2816410944152298,0.07835722075636671,0.8616557734204793,0.16998894864358807,0.15,0.39443618889844195,"{""logistic__C"": 0.03162277660168379}"
42,4,raw_l2,0.37684744667028364,0.11983866074483072,0.8049999999999999,0.13484873218395477,0.16666666666666666,0.36670397905938606,"{""logistic__C"": 0.1}"
42,4,domain_log_l2,0.37675710758338987,0.11797668602360516,0.811,0.13301777426748287,0.16666666666666666,0.3658780014642179,"{""logistic__C"": 0.1}"
42,4,raw_l1,0.38849564236723955,0.12269817804315636,0.779,0.14713109327561213,0.16666666666666666,0.3718296136112126,"{""logistic__C"": 0.31622776601683794}"
42,4,ordinal_onehot_l2,0.4416756693603178,0.13761666490182817,0.6689999999999999,0.14151046036907985,0.16666666666666666,0.37445467133840304,"{""logistic__C"": 1.0}"
42,4,quadratic_l2,0.37405383195218234,0.11801029616939207,0.799,0.13762609899282482,0.16666666666666666,0.363544157468417,"{""logistic__C"": 0.03162277660168379}"
42,4,spline_degree2_l2,0.3982959594800393,0.12047526524291848,0.761,0.13831053623925724,0.16666666666666666,0.3566199625208998,"{""logistic__C"": 0.1}"
42,4,spline_degree3_l2,0.40014980572611475,0.12150852002948072,0.757,0.1312299474330803,0.16666666666666666,0.3471523795658623,"{""logistic__C"": 0.1}"
42,5,raw_l2,0.4107407619654438,0.1233106861023833,0.646,0.15032819159866506,0.16666666666666666,0.3609849773465852,"{""logistic__C"": 0.1}"
42,5,domain_log_l2,0.42309220094182637,0.12674449493626772,0.62,0.15293056690158832,0.16666666666666666,0.36202575252348856,"{""logistic__C"": 0.1}"
42,5,raw_l1,0.4231700261734642,0.1263015082067742,0.662,0.14915995148048147,0.16666666666666666,0.3731493363134214,"{""logistic__C"": 1.0}"
42,5,ordinal_onehot_l2,0.4129564019135119,0.12943261225811317,0.7280000000000001,0.13897719808839534,0.16666666666666666,0.38234974356521667,"{""logistic__C"": 0.31622776601683794}"
42,5,quadratic_l2,0.4180123731743322,0.12500689168146742,0.656,0.1491223718582982,0.16666666666666666,0.35992558594624663,"{""logistic__C"": 0.03162277660168379}"
42,5,spline_degree2_l2,0.3940865804248041,0.11968348373110808,0.702,0.15490616421958942,0.16666666666666666,0.3672258732890142,"{""logistic__C"": 0.03162277660168379}"
42,5,spline_degree3_l2,0.39742921302525697,0.12061117506866958,0.706,0.15652709623996497,0.16666666666666666,0.36433156566389185,"{""logistic__C"": 0.03162277660168379}"
2026,1,raw_l2,0.3848554992529881,0.12313983922939732,0.7690631808278866,0.11691543054514723,0.15,0.35671537195338376,"{""logistic__C"": 0.1}"
2026,1,domain_log_l2,0.3685659644731498,0.11758478280956666,0.8082788671023965,0.11545096448917717,0.15,0.3590385467923001,"{""logistic__C"": 0.31622776601683794}"
2026,1,raw_l1,0.36747351210731677,0.11869924407188827,0.7843137254901962,0.11517231651353707,0.15,0.36716908819492644,"{""logistic__C"": 1.0}"
2026,1,ordinal_onehot_l2,0.3920819769969972,0.1270114628599125,0.7734204793028323,0.12397749320210157,0.15,0.37132644058993375,"{""logistic__C"": 1.0}"
2026,1,quadratic_l2,0.3733534146128546,0.12069764066111557,0.7777777777777778,0.11299354025139156,0.15,0.3583966646630373,"{""logistic__C"": 0.03162277660168379}"
2026,1,spline_degree2_l2,0.37761793841307534,0.11957443894992771,0.7734204793028322,0.1209549013312413,0.15,0.3630278853956924,"{""logistic__C"": 0.03162277660168379}"
2026,1,spline_degree3_l2,0.3631098673871341,0.11625773458765945,0.8191721132897603,0.12247125280601585,0.15,0.36205793845301837,"{""logistic__C"": 0.03162277660168379}"
2026,2,raw_l2,0.3647351501080995,0.11384109142961006,0.7777777777777778,0.14236300932747975,0.15,0.359340046729063,"{""logistic__C"": 1.0}"
2026,2,domain_log_l2,0.36371934013954427,0.10834275760002753,0.7450980392156863,0.14556811748162246,0.15,0.37296670491178224,"{""logistic__C"": 0.1}"
2026,2,raw_l1,0.37902501995511295,0.1182715075969412,0.7712418300653595,0.14457866837528843,0.15,0.35876042111270917,"{""logistic__C"": 3.1622776601683795}"
2026,2,ordinal_onehot_l2,0.34132728344607766,0.10482971601514865,0.8235294117647058,0.13263948499978104,0.15,0.39905749739277435,"{""logistic__C"": 0.31622776601683794}"
2026,2,quadratic_l2,0.36502027884310134,0.11297344379683315,0.7668845315904139,0.14647767403859407,0.15,0.35897987756025135,"{""logistic__C"": 0.1}"
2026,2,spline_degree2_l2,0.3815617111431041,0.11317525265284956,0.6644880174291938,0.14843273911519148,0.15,0.3664358976582881,"{""logistic__C"": 0.03162277660168379}"
2026,2,spline_degree3_l2,0.3674890299417767,0.10911013524966603,0.7080610021786492,0.14307914475380631,0.15,0.37265951774435074,"{""logistic__C"": 0.03162277660168379}"
2026,3,raw_l2,0.34292895888495145,0.10018927465744461,0.7952069716775598,0.15981012059180177,0.15,0.3784430179883398,"{""logistic__C"": 0.1}"
2026,3,domain_log_l2,0.35031444353572305,0.10414856354443852,0.8061002178649237,0.1599437092274257,0.15,0.38634664834893934,"{""logistic__C"": 0.03162277660168379}"
2026,3,raw_l1,0.3597559263441353,0.10359116710948053,0.7603485838779956,0.17523508349994107,0.15,0.39299979901340937,"{""logistic__C"": 0.31622776601683794}"
2026,3,ordinal_onehot_l2,0.3875715435642594,0.11363525810654279,0.7167755991285403,0.16260973733380235,0.15,0.3998344391177652,"{""logistic__C"": 0.1}"
2026,3,quadratic_l2,0.350417668494368,0.10322225331080147,0.7886710239651415,0.15963625295704245,0.15,0.37649530319496866,"{""logistic__C"": 0.01}"
2026,3,spline_degree2_l2,0.35290045269516584,0.10383474416118835,0.8039215686274509,0.15519291290171275,0.15,0.3785606112915417,"{""logistic__C"": 0.03162277660168379}"
2026,3,spline_degree3_l2,0.36323943081338383,0.10716680295562458,0.7559912854030502,0.144109036956201,0.15,0.37701686053149663,"{""logistic__C"": 0.03162277660168379}"
2026,4,raw_l2,0.38671184373842976,0.11643424887444585,0.6950000000000001,0.17663524832582253,0.16666666666666666,0.372934243959748,"{""logistic__C"": 0.1}"
2026,4,domain_log_l2,0.39340616337979323,0.11966132608140909,0.6809999999999999,0.18358757437972056,0.16666666666666666,0.36925422368502353,"{""logistic__C"": 0.1}"
2026,4,raw_l1,0.41936058524811887,0.12473731283430832,0.655,0.18766793099791398,0.16666666666666666,0.38547007470684524,"{""logistic__C"": 1.0}"
2026,4,ordinal_onehot_l2,0.4670398590979659,0.14026569317610918,0.691,0.17792422609928019,0.16666666666666666,0.37201600447813493,"{""logistic__C"": 1.0}"
2026,4,quadratic_l2,0.3901772430468852,0.11767026731047373,0.7050000000000001,0.17452040668746432,0.16666666666666666,0.3728264635999748,"{""logistic__C"": 0.01}"
2026,4,spline_degree2_l2,0.3763739679645479,0.11316421434852696,0.711,0.1795425489725194,0.16666666666666666,0.36880506064508406,"{""logistic__C"": 0.03162277660168379}"
2026,4,spline_degree3_l2,0.4086137499582381,0.12380714335221928,0.707,0.1896698260369681,0.16666666666666666,0.3690223920898584,"{""logistic__C"": 0.1}"
2026,5,raw_l2,0.35248044482490265,0.10580704866593439,0.758,0.18249371126981792,0.16666666666666666,0.3629527147371717,"{""logistic__C"": 0.31622776601683794}"
2026,5,domain_log_l2,0.35441580886416096,0.1046918693684575,0.738,0.16251445927170982,0.16666666666666666,0.3692078358435536,"{""logistic__C"": 0.31622776601683794}"
2026,5,raw_l1,0.3647489982493358,0.11033173000956088,0.742,0.185821328573184,0.16666666666666666,0.3697762444637814,"{""logistic__C"": 1.0}"
2026,5,ordinal_onehot_l2,0.39244967121079105,0.12098612585289546,0.774,0.17287660226451776,0.16666666666666666,0.39070772752864785,"{""logistic__C"": 0.1}"
2026,5,quadratic_l2,0.3457174480475722,0.10550390026294797,0.794,0.18746284851544068,0.16666666666666666,0.3633335671666621,"{""logistic__C"": 0.1}"
2026,5,spline_degree2_l2,0.33877505606176067,0.10011627342930073,0.816,0.17832309437628677,0.16666666666666666,0.37620387203027955,"{""logistic__C"": 0.03162277660168379}"
2026,5,spline_degree3_l2,0.33198195117700435,0.09732077213928644,0.816,0.17699321827087022,0.16666666666666666,0.3833877618037966,"{""logistic__C"": 0.03162277660168379}"
9618,1,raw_l2,0.4423383923947796,0.13234166015362844,0.5272331154684096,0.11647972693813533,0.15,0.35711805746440217,"{""logistic__C"": 0.1}"
9618,1,domain_log_l2,0.432331878141539,0.12911872928394896,0.579520697167756,0.1243539247697481,0.15,0.3580414217533085,"{""logistic__C"": 0.1}"
9618,1,raw_l1,0.44677264827916136,0.13429419890374195,0.4684095860566449,0.1339003050854472,0.15,0.36318933037204404,"{""logistic__C"": 0.31622776601683794}"
9618,1,ordinal_onehot_l2,0.4602998888717132,0.13972648048517017,0.4989106753812636,0.1265697385527331,0.15,0.3856627603851319,"{""logistic__C"": 0.1}"
9618,1,quadratic_l2,0.45140114468483833,0.1346073691789065,0.5119825708061002,0.12286332857618909,0.15,0.35708452743462976,"{""logistic__C"": 0.01}"
9618,1,spline_degree2_l2,0.4599669718636331,0.13866773054454298,0.5119825708061001,0.11678502022241825,0.15,0.35204005607325556,"{""logistic__C"": 0.03162277660168379}"
9618,1,spline_degree3_l2,0.4828077244838367,0.14180840879218462,0.40305010893246185,0.11358194966799642,0.15,0.3499911312302016,"{""logistic__C"": 0.03162277660168379}"
9618,2,raw_l2,0.38565042187517107,0.1211438606722238,0.7069716775599129,0.1625683533242985,0.15,0.3623999693308872,"{""logistic__C"": 0.1}"
9618,2,domain_log_l2,0.37777616102760386,0.11833490251790474,0.7570806100217865,0.15895839444963977,0.15,0.3727821991537993,"{""logistic__C"": 0.1}"
9618,2,raw_l1,0.39005858740003935,0.12150177354599355,0.7004357298474945,0.17582351714074712,0.15,0.37606912968488293,"{""logistic__C"": 0.31622776601683794}"
9618,2,ordinal_onehot_l2,0.3779087406657301,0.11859087313260308,0.724400871459695,0.16322506910545148,0.15,0.3846319515484524,"{""logistic__C"": 0.31622776601683794}"
9618,2,quadratic_l2,0.3849708814441538,0.12219319458785952,0.6895424836601307,0.16935865907651276,0.15,0.3572132642250117,"{""logistic__C"": 0.03162277660168379}"
9618,2,spline_degree2_l2,0.3720860825416714,0.11598115547125738,0.7527233115468409,0.1564234273364847,0.15,0.36819465705477106,"{""logistic__C"": 0.03162277660168379}"
9618,2,spline_degree3_l2,0.3815513664385328,0.11865680711602282,0.6917211328976035,0.15899667284480132,0.15,0.366648575792209,"{""logistic__C"": 0.03162277660168379}"
9618,3,raw_l2,0.3021982203486868,0.08608411048689736,0.8202614379084967,0.17881987112047154,0.15,0.3794296219182179,"{""logistic__C"": 0.31622776601683794}"
9618,3,domain_log_l2,0.306939359825305,0.08729493835741073,0.8202614379084967,0.18602305986310883,0.15,0.38256730458723076,"{""logistic__C"": 0.31622776601683794}"
9618,3,raw_l1,0.30369292511175916,0.0854680482955445,0.80718954248366,0.186642831779845,0.15,0.38678773271075556,"{""logistic__C"": 1.0}"
9618,3,ordinal_onehot_l2,0.3370584205767727,0.10055904268522523,0.8442265795206972,0.16185313187526928,0.15,0.41328307121015806,"{""logistic__C"": 0.1}"
9618,3,quadratic_l2,0.2863340682370069,0.08135768475332641,0.8246187363834423,0.1870817593406668,0.15,0.37717656461726057,"{""logistic__C"": 0.1}"
9618,3,spline_degree2_l2,0.3035672854500873,0.08515015610808682,0.8355119825708062,0.18329339565250094,0.15,0.38454835494690437,"{""logistic__C"": 0.03162277660168379}"
9618,3,spline_degree3_l2,0.28743287823371166,0.07842231171555776,0.8246187363834423,0.17902916457170823,0.15,0.3756235597619708,"{""logistic__C"": 0.1}"
9618,4,raw_l2,0.3358190063118576,0.10315027858280466,0.8059999999999999,0.1603410703195866,0.16666666666666666,0.36353404001896317,"{""logistic__C"": 0.31622776601683794}"
9618,4,domain_log_l2,0.362065603242922,0.10607918845731852,0.726,0.15957999930597513,0.16666666666666666,0.37311342737021036,"{""logistic__C"": 0.1}"
9618,4,raw_l1,0.34349009059965513,0.10664476710849373,0.8019999999999999,0.1642282271943871,0.16666666666666666,0.37164610208849125,"{""logistic__C"": 1.0}"
9618,4,ordinal_onehot_l2,0.4081358283780844,0.1265905303803748,0.732,0.16788658591118005,0.16666666666666666,0.3738645676894322,"{""logistic__C"": 0.31622776601683794}"
9618,4,quadratic_l2,0.34861178386752756,0.10596250259104159,0.786,0.16045047125706835,0.16666666666666666,0.3623581232121159,"{""logistic__C"": 0.1}"
9618,4,spline_degree2_l2,0.34392242067546963,0.10180719574849408,0.764,0.16076722422507286,0.16666666666666666,0.3691114234430382,"{""logistic__C"": 0.03162277660168379}"
9618,4,spline_degree3_l2,0.34063897272544047,0.10201705549606563,0.796,0.1615841135813095,0.16666666666666666,0.3722178283600864,"{""logistic__C"": 0.03162277660168379}"
9618,5,raw_l2,0.3811344306909778,0.12017340789507033,0.75,0.15041498153323668,0.16666666666666666,0.35557148302370806,"{""logistic__C"": 0.31622776601683794}"
9618,5,domain_log_l2,0.382791637139225,0.11968885776926176,0.764,0.15044795750812384,0.16666666666666666,0.3658204820818498,"{""logistic__C"": 0.1}"
9618,5,raw_l1,0.38779021517166273,0.1229388871859193,0.746,0.155668281387484,0.16666666666666666,0.3601067904455041,"{""logistic__C"": 1.0}"
9618,5,ordinal_onehot_l2,0.3626537990676418,0.11417029988403699,0.806,0.1479712006235279,0.16666666666666666,0.38166774310990287,"{""logistic__C"": 1.0}"
9618,5,quadratic_l2,0.3985809478822921,0.12500630215810377,0.738,0.1548664496800453,0.16666666666666666,0.34770492707820216,"{""logistic__C"": 0.31622776601683794}"
9618,5,spline_degree2_l2,0.3941511237526311,0.12257457916820583,0.732,0.14912870423776398,0.16666666666666666,0.35301768265520295,"{""logistic__C"": 0.1}"
9618,5,spline_degree3_l2,0.3761859316705892,0.11817332429426025,0.762,0.14666387365480615,0.16666666666666666,0.3517505790692856,"{""logistic__C"": 0.1}"
19618,1,raw_l2,0.39653322417497133,0.11936414225220646,0.6753812636165577,0.139542897775271,0.15,0.3566100764508577,"{""logistic__C"": 0.1}"
19618,1,domain_log_l2,0.4075588340230572,0.1238477581741863,0.6710239651416123,0.14619460208838134,0.15,0.3607166060046327,"{""logistic__C"": 0.1}"
19618,1,raw_l1,0.3986437237672617,0.12023365361008741,0.6470588235294117,0.15517872616278336,0.15,0.37028659367070355,"{""logistic__C"": 0.31622776601683794}"
19618,1,ordinal_onehot_l2,0.41939739258869496,0.12601818603995832,0.6557734204793028,0.14300864285897244,0.15,0.3748036519456439,"{""logistic__C"": 0.31622776601683794}"
19618,1,quadratic_l2,0.4105128665377044,0.12208995833284211,0.6470588235294117,0.13297686144933804,0.15,0.35044080518761145,"{""logistic__C"": 0.03162277660168379}"
19618,1,spline_degree2_l2,0.3838944186474747,0.11613734165157408,0.7080610021786493,0.13865567029196313,0.15,0.3580791238172534,"{""logistic__C"": 0.03162277660168379}"
19618,1,spline_degree3_l2,0.3843780110585671,0.1163351611890732,0.7058823529411764,0.13825058102719207,0.15,0.3536938119009491,"{""logistic__C"": 0.03162277660168379}"
19618,2,raw_l2,0.45729237754110624,0.14241213845138045,0.6623093681917211,0.17397120790524473,0.15,0.3583245591600205,"{""logistic__C"": 1.0}"
19618,2,domain_log_l2,0.3776818929326905,0.11740298890918702,0.7254901960784313,0.13893505649989074,0.15,0.3711540132994148,"{""logistic__C"": 0.1}"
19618,2,raw_l1,0.5129880380056024,0.16009860901208095,0.6470588235294117,0.18857459538335591,0.15,0.35957927679288915,"{""logistic__C"": 3.1622776601683795}"
19618,2,ordinal_onehot_l2,0.43535428495455814,0.13188927979247442,0.644880174291939,0.1744553864723586,0.15,0.38393825829568223,"{""logistic__C"": 1.0}"
19618,2,quadratic_l2,0.4627448956035502,0.14449187044114578,0.6928104575163399,0.1732248618394068,0.15,0.353589654190844,"{""logistic__C"": 0.31622776601683794}"
19618,2,spline_degree2_l2,0.3887051192772104,0.12124397105165088,0.7037037037037037,0.1338461320616112,0.15,0.3638750640124254,"{""logistic__C"": 0.03162277660168379}"
19618,2,spline_degree3_l2,0.40466728915635625,0.12401369017539018,0.6797385620915033,0.14424060991092885,0.15,0.3596386830623671,"{""logistic__C"": 0.1}"
19618,3,raw_l2,0.31936044517859025,0.09229085419921966,0.8202614379084967,0.1838954520845126,0.15,0.38167421987236244,"{""logistic__C"": 0.1}"
19618,3,domain_log_l2,0.31943215674012987,0.0929585475969401,0.8071895424836601,0.1857425858609218,0.15,0.39076525292753367,"{""logistic__C"": 0.1}"
19618,3,raw_l1,0.32610216743411896,0.09274690718604246,0.8050108932461874,0.19957659811642114,0.15,0.4007020487012286,"{""logistic__C"": 0.31622776601683794}"
19618,3,ordinal_onehot_l2,0.3427321478789638,0.10376393846631386,0.8202614379084967,0.16180920589847128,0.15,0.41478519147131604,"{""logistic__C"": 0.1}"
19618,3,quadratic_l2,0.30745499582291236,0.08694834565444466,0.818082788671024,0.19593469695396787,0.15,0.38139115856987515,"{""logistic__C"": 0.03162277660168379}"
19618,3,spline_degree2_l2,0.3171895395280583,0.091520285545547,0.8180827886710239,0.17922795655798013,0.15,0.3919626745647769,"{""logistic__C"": 0.03162277660168379}"
19618,3,spline_degree3_l2,0.31377447973619815,0.0902218392922767,0.8202614379084967,0.18234715962562403,0.15,0.38344554472587,"{""logistic__C"": 0.03162277660168379}"
19618,4,raw_l2,0.32268640713958574,0.10222569181983987,0.868,0.159140542959141,0.16666666666666666,0.36727186929073785,"{""logistic__C"": 0.31622776601683794}"
19618,4,domain_log_l2,0.34259942750013456,0.10613021400357313,0.832,0.15537984682909436,0.16666666666666666,0.367470770630531,"{""logistic__C"": 0.31622776601683794}"
19618,4,raw_l1,0.3238343696321621,0.10272459366067324,0.8739999999999999,0.16035850549647773,0.16666666666666666,0.3723482440744406,"{""logistic__C"": 1.0}"
19618,4,ordinal_onehot_l2,0.34133628179485614,0.10734335078634438,0.846,0.14865432809334647,0.16666666666666666,0.3800150998002739,"{""logistic__C"": 1.0}"
19618,4,quadratic_l2,0.3186396471659243,0.09940317873687361,0.856,0.1637381252604781,0.16666666666666666,0.36086663798174234,"{""logistic__C"": 0.1}"
19618,4,spline_degree2_l2,0.347082198367563,0.10692638288683635,0.82,0.16646607670512095,0.16666666666666666,0.3617141845221518,"{""logistic__C"": 0.03162277660168379}"
19618,4,spline_degree3_l2,0.34590621311916553,0.1068025513255483,0.84,0.16576056644650541,0.16666666666666666,0.3643534582461937,"{""logistic__C"": 0.03162277660168379}"
19618,5,raw_l2,0.3650505142381885,0.11214064283698302,0.798,0.15162593508666541,0.16666666666666666,0.3702767668988228,"{""logistic__C"": 0.1}"
19618,5,domain_log_l2,0.3935277338575333,0.11989236163241941,0.722,0.1547006750719166,0.16666666666666666,0.3766966609416698,"{""logistic__C"": 0.03162277660168379}"
19618,5,raw_l1,0.38075219447159425,0.1170771956544808,0.756,0.16787978131796055,0.16666666666666666,0.3852755131405511,"{""logistic__C"": 0.31622776601683794}"
19618,5,ordinal_onehot_l2,0.3791835918330622,0.11880050264579922,0.8140000000000001,0.16712418022375367,0.16666666666666666,0.39557312665294625,"{""logistic__C"": 0.1}"
19618,5,quadratic_l2,0.3577594414053679,0.11099046422007303,0.8,0.15165031979308974,0.16666666666666666,0.3691506300816546,"{""logistic__C"": 0.03162277660168379}"
19618,5,spline_degree2_l2,0.37264662516316444,0.11500289859209568,0.792,0.15316801204031635,0.16666666666666666,0.3632480358292485,"{""logistic__C"": 0.03162277660168379}"
19618,5,spline_degree3_l2,0.36342105048008594,0.11318451024946824,0.846,0.1466523576104962,0.16666666666666666,0.3703525615993528,"{""logistic__C"": 0.03162277660168379}"
31415,1,raw_l2,0.3361853526077735,0.10364795663860144,0.8311546840958606,0.1523318233066012,0.15,0.3651895394413348,"{""logistic__C"": 0.1}"
31415,1,domain_log_l2,0.3464652618126509,0.10781292027865011,0.826797385620915,0.16127229328610487,0.15,0.37229392313498333,"{""logistic__C"": 0.1}"
31415,1,raw_l1,0.317912150576762,0.09803665493618734,0.8464052287581699,0.1520147277242453,0.15,0.3785910001864177,"{""logistic__C"": 1.0}"
31415,1,ordinal_onehot_l2,0.33217342994093535,0.10422691050099814,0.8594771241830066,0.16172001894337484,0.15,0.38649887934183735,"{""logistic__C"": 0.31622776601683794}"
31415,1,quadratic_l2,0.32712000169350275,0.10136492601505134,0.8442265795206971,0.15366685352936946,0.15,0.3620586597543557,"{""logistic__C"": 0.03162277660168379}"
31415,1,spline_degree2_l2,0.33985272384875775,0.10384475689581542,0.8442265795206971,0.1613535579457528,0.15,0.370661813649097,"{""logistic__C"": 0.03162277660168379}"
31415,1,spline_degree3_l2,0.3429841312245988,0.10563222799242666,0.8355119825708062,0.15773086733360303,0.15,0.37137667534802726,"{""logistic__C"": 0.03162277660168379}"
31415,2,raw_l2,0.33548302937293895,0.1025427997338118,0.8474945533769064,0.14576624333946112,0.15,0.37965690736904856,"{""logistic__C"": 0.1}"
31415,2,domain_log_l2,0.35477597805794786,0.10708567221091807,0.7821350762527233,0.15050757285861321,0.15,0.37643326020779916,"{""logistic__C"": 0.1}"
31415,2,raw_l1,0.32718158211987647,0.10026312134972484,0.8366013071895424,0.14578098570774736,0.15,0.39116264667795014,"{""logistic__C"": 1.0}"
31415,2,ordinal_onehot_l2,0.3449160529333563,0.10652117612976258,0.7821350762527233,0.12933393613711405,0.15,0.388804456563672,"{""logistic__C"": 1.0}"
31415,2,quadratic_l2,0.33115790955520286,0.10120882638003496,0.821350762527233,0.13988973378164718,0.15,0.3736077328857621,"{""logistic__C"": 0.31622776601683794}"
31415,2,spline_degree2_l2,0.3491915164325488,0.1064424193955502,0.8061002178649237,0.13917677627036223,0.15,0.3734558215015479,"{""logistic__C"": 0.03162277660168379}"
31415,2,spline_degree3_l2,0.3540598636342939,0.10861613095113347,0.8039215686274509,0.14137561385340938,0.15,0.3707912065380824,"{""logistic__C"": 0.03162277660168379}"
31415,3,raw_l2,0.3208115185637987,0.09513104220143256,0.8387799564270152,0.16483847765127277,0.15,0.3863455644876855,"{""logistic__C"": 0.1}"
31415,3,domain_log_l2,0.34104222127311756,0.10034135751832333,0.812636165577342,0.15916186669851345,0.15,0.3945046971915806,"{""logistic__C"": 0.03162277660168379}"
31415,3,raw_l1,0.3351877656435774,0.09847171412282778,0.7995642701525055,0.17371684626405237,0.15,0.39745991142259374,"{""logistic__C"": 0.31622776601683794}"
31415,3,ordinal_onehot_l2,0.3383778854018478,0.10341840394971122,0.8583877995642701,0.15907737181063242,0.15,0.41332774140909984,"{""logistic__C"": 0.1}"
31415,3,quadratic_l2,0.3317957441568113,0.09891263818150858,0.8191721132897604,0.15981775920439686,0.15,0.382873268487936,"{""logistic__C"": 0.01}"
31415,3,spline_degree2_l2,0.33633423389683353,0.10089644680043347,0.7952069716775599,0.15527444574486193,0.15,0.3832278265436464,"{""logistic__C"": 0.03162277660168379}"
31415,3,spline_degree3_l2,0.34351730545048914,0.10214578253390094,0.7712418300653595,0.1540901776446745,0.15,0.38590897242242966,"{""logistic__C"": 0.03162277660168379}"
31415,4,raw_l2,0.3600146410339431,0.10710017191500541,0.7520000000000001,0.20841361403673533,0.16666666666666666,0.365741544154743,"{""logistic__C"": 0.31622776601683794}"
31415,4,domain_log_l2,0.33753418081661507,0.09895581764753131,0.784,0.20778932435259348,0.16666666666666666,0.37961137769510306,"{""logistic__C"": 0.1}"
31415,4,raw_l1,0.38405583996657905,0.11671180480707824,0.7440000000000001,0.21535377250137824,0.16666666666666666,0.367020057367407,"{""logistic__C"": 1.0}"
31415,4,ordinal_onehot_l2,0.43552175335094745,0.13336125459956658,0.66,0.2029148753483621,0.16666666666666666,0.37454484617260175,"{""logistic__C"": 0.31622776601683794}"
31415,4,quadratic_l2,0.3394414612661223,0.09981417268521216,0.768,0.20514298116936758,0.16666666666666666,0.3656896722127879,"{""logistic__C"": 0.1}"
31415,4,spline_degree2_l2,0.34187441560069703,0.09881487859959238,0.768,0.20172653004487423,0.16666666666666666,0.37453113588860804,"{""logistic__C"": 0.03162277660168379}"
31415,4,spline_degree3_l2,0.33029575975039965,0.09611669574272814,0.7939999999999999,0.20278920510089665,0.16666666666666666,0.37106528183597687,"{""logistic__C"": 0.03162277660168379}"
31415,5,raw_l2,0.500568354377461,0.15791398493136935,0.624,0.10885178060688296,0.16666666666666666,0.3314940435708579,"{""logistic__C"": 0.31622776601683794}"
31415,5,domain_log_l2,0.4966970602746157,0.15126076793127818,0.576,0.10742473445959225,0.16666666666666666,0.3472119126104639,"{""logistic__C"": 0.1}"
31415,5,raw_l1,0.5086708435513703,0.16162808845598833,0.62,0.11202261251630201,0.16666666666666666,0.34021083497152205,"{""logistic__C"": 1.0}"
31415,5,ordinal_onehot_l2,0.45986037263368945,0.14574993369626243,0.652,0.11060088071821762,0.16666666666666666,0.35538858935001993,"{""logistic__C"": 0.31622776601683794}"
31415,5,quadratic_l2,0.48922510878704234,0.15361376877167326,0.624,0.10792289058914344,0.16666666666666666,0.33407795824757625,"{""logistic__C"": 0.03162277660168379}"
31415,5,spline_degree2_l2,0.4725976324950673,0.14857811390196451,0.606,0.11173162878637292,0.16666666666666666,0.3398206690199649,"{""logistic__C"": 0.03162277660168379}"
31415,5,spline_degree3_l2,0.4689760478566214,0.14691859128790738,0.628,0.10969065297868297,0.16666666666666666,0.3426657240032214,"{""logistic__C"": 0.03162277660168379}"
