seed,max_depth,fold_1_mse,fold_2_mse,fold_3_mse,fold_4_mse,fold_5_mse,mean_cv_mse,sd_cv_mse,oof_rmse,selected
9618,2,4088.00287754131,3397.230260644897,4215.660779314274,3391.0223128372395,4502.503278479335,3918.8839017634114,502.00839092866636,62.600989622875865,False
9618,3,2804.138739910295,2638.55889951288,2901.7922827615193,2795.8688515902413,3254.20707228084,2878.913169211155,230.01451934970976,53.655504556486605,False
9618,4,2490.499730248963,2567.66905695606,2942.5751621440113,1794.6302603081067,2793.8866206420134,2517.852166059831,442.39813710099304,50.178204093608514,False
9618,5,2429.7445909965622,2042.1225053089775,2672.2959487385406,1958.3888035679759,2723.7179366741248,2365.253957057236,352.4497976439595,48.63387664023131,False
9618,6,2402.519816101509,2091.966285517077,2516.605716148972,1895.0063326310674,2596.6403296063736,2300.5476960009996,296.9512717714923,47.96402501876797,True
9618,7,2367.7575078873856,2078.882061097015,2446.9944129807827,1811.0879272571983,2909.843346387781,2322.913051122033,413.34321776094356,48.196608294796356,False
9618,8,2427.700149429513,1970.5522673064952,2502.0335247955927,1781.2825598755385,2998.718181496354,2336.0573365806986,478.6530330309524,48.33277704188638,False
9618,9,2425.0797329133025,1970.5522673064952,2502.0335247955927,1789.0506013795384,2998.718181496354,2337.0868615782565,476.28707254644365,48.34342624988693,False
9618,10,2425.0797329133025,1970.5522673064952,2502.0335247955927,1789.0506013795384,2998.718181496354,2337.0868615782565,476.28707254644365,48.34342624988693,False
