candidate,method,calibration_folds,log_loss,brier_score,roc_auc,balanced_accuracy,precision,recall,mean_predicted_probability,observed_prevalence
sigmoid_calibration_k5,sigmoid_calibration,5.0,0.39841053130794923,0.12103623917440628,0.7284500883020772,0.5106382978723404,1.0,0.02127659574468085,0.16239460616407025,0.15666666666666668
sigmoid_calibration_k8,sigmoid_calibration,8.0,0.3988534822083682,0.12115791895498247,0.7448490454965941,0.5106382978723404,1.0,0.02127659574468085,0.16678640812013215,0.15666666666666668
sigmoid_calibration_k4,sigmoid_calibration,4.0,0.40159914749858155,0.12234485041736994,0.7294592548986629,0.5,0.0,0.0,0.16136741318232267,0.15666666666666668
sigmoid_calibration_k3,sigmoid_calibration,3.0,0.40199651528351504,0.12303931061293559,0.7664620301068036,0.5,0.0,0.0,0.1578665852507931,0.15666666666666668
sigmoid_calibration_k10,sigmoid_calibration,10.0,0.40484890790291367,0.12274633867809982,0.7250861996467916,0.5,0.0,0.0,0.16784825782456272,0.15666666666666668
sigmoid_calibration_k2,sigmoid_calibration,2.0,0.4050826958073359,0.12370202122063965,0.728281893869313,0.5,0.0,0.0,0.16221296071004995,0.15666666666666668
sigmoid_calibration_k6,sigmoid_calibration,6.0,0.4053928996374946,0.12342469607103827,0.7241611302665882,0.5,0.0,0.0,0.1605417797338788,0.15666666666666668
no_balancing,none,,0.48150471847057036,0.11846822737558468,0.7419056429232193,0.5492389201917417,0.7142857142857143,0.10638297872340426,0.15867498313676653,0.15666666666666668
moderate_smote_ratio_0.5,smote_moderate,,0.507094023880143,0.12860037973733796,0.7392565806071818,0.608653603565722,0.4642857142857143,0.2765957446808511,0.23760016836299533,0.15666666666666668
