complete_id,structure_id,mean_log_loss,std_log_loss,mean_brier_score,mean_roc_auc,mean_probability,observed_prevalence,absolute_prevalence_bias,mdi_rank_stability,mdi_top5_overlap,max_depth,min_samples_leaf,max_features,criterion,max_samples,strategy,sampling_ratio,k_neighbors,calibration,calibration_folds
s48|none|r=None|k=None|cal=none|folds=None,48,0.35451162338163905,0.050470391890944676,0.10866750929150601,0.7884095860566449,0.15856451059580048,0.15666666666666665,0.0018978439291337968,0.9300699300699303,0.8800000000000001,8,1,4,log_loss,0.7,none,,,none,
s70|random_over|r=0.2|k=None|cal=none|folds=None,70,0.3575521508082321,0.05208541146260711,0.1099140746881911,0.7816165577342049,0.15608863323195538,0.15666666666666665,0.0005780334347112893,0.9006993006993008,0.8400000000000001,5,1,6,log_loss,1.0,random_over,0.2,,none,
s69|smote|r=0.2|k=4|cal=none|folds=None,69,0.35805822342475735,0.05232965707267488,0.10959939568960866,0.7804880174291939,0.16099037399652957,0.15666666666666665,0.004323707329862908,0.9006993006993008,0.9200000000000002,8,2,4,log_loss,1.0,smote,0.2,4.0,none,
s69|random_over|r=0.2|k=None|cal=none|folds=None,69,0.358062142208424,0.052927206872964074,0.10989807443099567,0.7724662309368193,0.1597029065432755,0.15666666666666665,0.0030362398766088454,0.8580419580419582,0.8,8,2,4,log_loss,1.0,random_over,0.2,,none,
s70|smote|r=0.3|k=2|cal=none|folds=None,70,0.35828026277514124,0.041625380606084235,0.11216564146171085,0.7886021786492374,0.19248127790031333,0.15666666666666665,0.03581461123364668,0.7391608391608392,0.74,5,1,6,log_loss,1.0,smote,0.3,2.0,none,
s46|random_over|r=0.2|k=None|cal=none|folds=None,46,0.3585918662236613,0.05253827623972628,0.11023075061112379,0.7834736383442266,0.16370334535775988,0.15666666666666665,0.007036678691093224,0.9048951048951052,0.8800000000000001,10,2,6,log_loss,0.7,random_over,0.2,,none,
s69|none|r=None|k=None|cal=none|folds=None,69,0.35877898410447734,0.05164204548780842,0.110705611888069,0.7807023965141613,0.15592749193990635,0.15666666666666665,0.0007391747267603138,0.8972027972027974,0.9200000000000002,8,2,4,log_loss,1.0,none,,,none,
s46|none|r=None|k=None|cal=none|folds=None,46,0.3587814147627511,0.05035597722275885,0.11045429290829503,0.7841237472766884,0.16042940030860378,0.15666666666666665,0.0037627336419371105,0.9286713286713286,0.9200000000000002,10,2,6,log_loss,0.7,none,,,none,
s48|smote|r=0.2|k=4|cal=none|folds=None,48,0.35898819203482923,0.052230263596879135,0.1097600118087753,0.7716592592592593,0.16218068362523744,0.15666666666666665,0.005514016958570752,0.9174825174825176,0.9200000000000002,8,1,4,log_loss,0.7,smote,0.2,4.0,none,
s41|smote|r=0.2|k=3|cal=none|folds=None,41,0.3590116389826111,0.04672419248996369,0.10990224152065212,0.7778021786492375,0.16063957650137722,0.15666666666666665,0.003972909834710575,0.8503496503496505,0.86,5,1,3,log_loss,1.0,smote,0.2,3.0,none,
s70|smote|r=0.2|k=4|cal=none|folds=None,70,0.3594628486747113,0.04873982602297242,0.11030023031973621,0.7739093681917212,0.15823557451140463,0.15666666666666665,0.0015689078447379712,0.853846153846154,0.8,5,1,6,log_loss,1.0,smote,0.2,4.0,none,
s48|random_over|r=0.2|k=None|cal=none|folds=None,48,0.35957524410065816,0.05380539866255752,0.10941089644982709,0.7735450980392157,0.16233080787799917,0.15666666666666665,0.005664141211332524,0.904895104895105,0.8800000000000001,8,1,4,log_loss,0.7,random_over,0.2,,none,
s48|random_over|r=0.3|k=None|cal=none|folds=None,48,0.35975578769153543,0.0438052400811471,0.11079866140384124,0.7812095860566449,0.1881553701732753,0.15666666666666665,0.03148870350660866,0.8797202797202799,0.86,8,1,4,log_loss,0.7,random_over,0.3,,none,
s41|smote|r=0.2|k=2|cal=none|folds=None,41,0.35997681966610273,0.04700622265501325,0.1098426066275083,0.7746021786492375,0.15913795638511835,0.15666666666666665,0.002471289718451686,0.8797202797202799,0.8,5,1,3,log_loss,1.0,smote,0.2,2.0,none,
s20|random_over|r=0.2|k=None|cal=none|folds=None,20,0.3600784290422633,0.054772531375151874,0.11092905911076567,0.7739520697167757,0.1602122137658336,0.15666666666666665,0.0035455470991669485,0.8783216783216783,0.8,8,1,4,log_loss,1.0,random_over,0.2,,none,
s41|smote|r=0.3|k=2|cal=none|folds=None,41,0.3601625935048662,0.040887643891773004,0.11094335195909025,0.7903520697167755,0.19447327214861126,0.15666666666666665,0.03780660548194461,0.8013986013986015,0.74,5,1,3,log_loss,1.0,smote,0.3,2.0,none,
s70|smote|r=0.2|k=2|cal=none|folds=None,70,0.3602045052702676,0.04582873286955437,0.11065293437054405,0.7745237472766885,0.1593572057417383,0.15666666666666665,0.002690539075071635,0.8405594405594407,0.76,5,1,6,log_loss,1.0,smote,0.2,2.0,none,
s20|smote|r=0.2|k=4|cal=none|folds=None,20,0.36038488005877517,0.05612632892075685,0.11022752838708223,0.773281045751634,0.16133962242523864,0.15666666666666665,0.004672955758571992,0.9013986013986015,0.9200000000000002,8,1,4,log_loss,1.0,smote,0.2,4.0,none,
s69|smote|r=0.3|k=2|cal=none|folds=None,69,0.3603979882197063,0.05131394778586523,0.113383254999408,0.7817734204793029,0.1896705110370962,0.15666666666666665,0.03300384437042955,0.8314685314685315,0.8,8,2,4,log_loss,1.0,smote,0.3,2.0,none,
s48|smote|r=0.3|k=2|cal=none|folds=None,48,0.3604456656382996,0.04865810198352326,0.11250494110078361,0.789359477124183,0.1897894398839811,0.15666666666666665,0.03312277321731445,0.8531468531468533,0.8800000000000001,8,1,4,log_loss,0.7,smote,0.3,2.0,none,
s48|balanced|r=None|k=None|cal=none|folds=None,48,0.3606869265227946,0.04847231058799748,0.11290991938758241,0.7849376906318083,0.19064724639091596,0.15666666666666665,0.0339805797242493,0.8923076923076924,0.8600000000000001,8,1,4,log_loss,0.7,balanced,,,none,
s70|none|r=None|k=None|cal=none|folds=None,70,0.36075618923264985,0.04842216639204628,0.11103350224533748,0.7756949891067537,0.15280846876067003,0.15666666666666665,0.003858197905996652,0.8692307692307694,0.78,5,1,6,log_loss,1.0,none,,,none,
s48|smote|r=0.2|k=2|cal=none|folds=None,48,0.36078531080937215,0.04807361943153581,0.11077857013839157,0.7838596949891067,0.16275487575236536,0.15666666666666665,0.006088209085698687,0.9062937062937063,0.8800000000000001,8,1,4,log_loss,0.7,smote,0.2,2.0,none,
s41|smote|r=0.2|k=4|cal=none|folds=None,41,0.3608712431796692,0.04787894400654462,0.11024911364469367,0.7739877995642702,0.15831169061276157,0.15666666666666665,0.00164502394609492,0.8601398601398603,0.8,5,1,3,log_loss,1.0,smote,0.2,4.0,none,
s20|smote|r=0.2|k=2|cal=none|folds=None,20,0.36097023520139826,0.05184970304108459,0.11124551398892565,0.7793882352941177,0.16232451197164816,0.15666666666666665,0.005657845304981484,0.8741258741258742,0.86,8,1,4,log_loss,1.0,smote,0.2,2.0,none,
s41|random_over|r=0.2|k=None|cal=none|folds=None,41,0.36103148866558493,0.049544698690514644,0.1104740830443475,0.7673376906318083,0.1582007022793429,0.15666666666666665,0.0015340356126762543,0.8797202797202799,0.78,5,1,3,log_loss,1.0,random_over,0.2,,none,
s70|smote|r=0.2|k=3|cal=none|folds=None,70,0.3611018216170506,0.04535679076217521,0.11135821800464496,0.7708592592592591,0.15858373061674264,0.15666666666666665,0.0019170639500760034,0.827972027972028,0.8400000000000001,5,1,6,log_loss,1.0,smote,0.2,3.0,none,
s53|smote|r=0.2|k=3|cal=none|folds=None,53,0.3611434054651256,0.0434964914993517,0.11129910425818121,0.7866666666666666,0.16213080822637407,0.15666666666666665,0.005464141559707397,0.8692307692307694,0.9200000000000002,12,5,4,log_loss,0.7,smote,0.2,3.0,none,
s46|smote|r=0.2|k=4|cal=none|folds=None,46,0.3612417993583611,0.05442867685939617,0.11067721399617499,0.7699877995642701,0.16238200782851359,0.15666666666666665,0.005715341161846926,0.9090909090909092,0.9200000000000002,10,2,6,log_loss,0.7,smote,0.2,4.0,none,
s6|smote|r=0.2|k=3|cal=none|folds=None,6,0.36134176490747655,0.051386407324258046,0.11091563412175369,0.7726091503267973,0.16411162310397653,0.15666666666666665,0.007444956437309888,0.9146853146853147,0.9200000000000002,10,2,3,log_loss,1.0,smote,0.2,3.0,none,
s6|smote|r=0.3|k=2|cal=none|folds=None,6,0.361360221145875,0.04564493407641861,0.11262473132424693,0.7890021786492374,0.1870529985707018,0.15666666666666665,0.03038633190403513,0.855944055944056,0.86,10,2,3,log_loss,1.0,smote,0.3,2.0,none,
s41|none|r=None|k=None|cal=none|folds=None,41,0.3613694628837575,0.04647618741204523,0.11079774992940486,0.7743520697167755,0.15332012280919008,0.15666666666666665,0.0033465438574765694,0.8671328671328672,0.8,5,1,3,log_loss,1.0,none,,,none,
s6|none|r=None|k=None|cal=none|folds=None,6,0.3615311161560354,0.05394419079087505,0.11111667599231974,0.7791808278867103,0.15781026823488747,0.15666666666666665,0.0011436015682208007,0.9146853146853149,0.8800000000000001,10,2,3,log_loss,1.0,none,,,none,
s20|none|r=None|k=None|cal=none|folds=None,20,0.36178569215987155,0.05514993268697879,0.11102354613484995,0.771516339869281,0.156247182848321,0.15666666666666665,0.00041948381834565893,0.8923076923076925,0.86,8,1,4,log_loss,1.0,none,,,none,
s53|random_over|r=0.2|k=None|cal=none|folds=None,53,0.36184270077412595,0.04638692254604,0.11109922912523326,0.7814309368191721,0.16130381675915006,0.15666666666666665,0.004637150092483422,0.8713286713286713,0.9200000000000002,12,5,4,log_loss,0.7,random_over,0.2,,none,
s53|none|r=None|k=None|cal=none|folds=None,53,0.3619715175735206,0.04564643417994389,0.1111833646759656,0.7852522875816994,0.1565833344666805,0.15666666666666665,8.33321999861747e-05,0.8944055944055946,0.86,12,5,4,log_loss,0.7,none,,,none,
s69|smote|r=0.2|k=2|cal=none|folds=None,69,0.36204961112460443,0.050262306997344526,0.11132080560375035,0.7744522875816994,0.16303306961502606,0.15666666666666665,0.006366402948359407,0.860839160839161,0.86,8,2,4,log_loss,1.0,smote,0.2,2.0,none,
s20|random_over|r=0.3|k=None|cal=none|folds=None,20,0.36239812783678604,0.0432032714221334,0.11140379948311445,0.7757952069716776,0.18224281718623306,0.15666666666666665,0.025576150519566403,0.8643356643356643,0.8400000000000001,8,1,4,log_loss,1.0,random_over,0.3,,none,
s6|smote|r=0.2|k=2|cal=none|folds=None,6,0.3624097307485938,0.050682604368017414,0.11146944768511995,0.7731163398692811,0.16293731837108102,0.15666666666666665,0.00627065170441436,0.8993006993006996,0.8400000000000001,10,2,3,log_loss,1.0,smote,0.2,2.0,none,
s46|smote|r=0.2|k=2|cal=none|folds=None,46,0.362436710621654,0.04775777710796161,0.11149715711419575,0.7816095860566449,0.1642718971882707,0.15666666666666665,0.00760523052160404,0.902797202797203,1.0,10,2,6,log_loss,0.7,smote,0.2,2.0,none,
s6|random_over|r=0.2|k=None|cal=none|folds=None,6,0.363013841456586,0.05485908487341164,0.11149239293970023,0.7680305010893246,0.16152210106728615,0.15666666666666665,0.004855434400619496,0.9083916083916085,0.8800000000000001,10,2,3,log_loss,1.0,random_over,0.2,,none,
s48|smote|r=0.2|k=3|cal=none|folds=None,48,0.36303151756265645,0.05325305563754944,0.11108951293768987,0.7740165577342049,0.1625292094668463,0.15666666666666665,0.005862542800179638,0.9076923076923078,0.8600000000000001,8,1,4,log_loss,0.7,smote,0.2,3.0,none,
s46|smote|r=0.3|k=2|cal=none|folds=None,46,0.36314542066610545,0.05096121234575839,0.1144057894682958,0.7875808278867102,0.18951690712938377,0.15666666666666665,0.0328502404627171,0.8335664335664337,0.8400000000000001,10,2,6,log_loss,0.7,smote,0.3,2.0,none,
s53|smote|r=0.2|k=4|cal=none|folds=None,53,0.3633319612699822,0.04228417850879447,0.11192206509027769,0.7834666666666666,0.16171160768150553,0.15666666666666665,0.005044941014838877,0.8860139860139862,0.9200000000000002,12,5,4,log_loss,0.7,smote,0.2,4.0,none,
s6|smote|r=0.2|k=4|cal=none|folds=None,6,0.36341054677037965,0.05477913836683436,0.11076153689179642,0.7652305010893247,0.16132905077088333,0.15666666666666665,0.004662384104216688,0.9181818181818183,0.8600000000000001,10,2,3,log_loss,1.0,smote,0.2,4.0,none,
s20|balanced|r=None|k=None|cal=none|folds=None,20,0.3634368846392668,0.04970753027502224,0.11555522702864493,0.7900235294117647,0.20069909736702468,0.15666666666666665,0.04403243070035802,0.8993006993006993,0.8800000000000001,8,1,4,log_loss,1.0,balanced,,,none,
s69|random_over|r=0.3|k=None|cal=none|folds=None,69,0.3634472112431945,0.044666279150427486,0.11134783335989826,0.7765594771241829,0.18448533691250496,0.15666666666666665,0.02781867024583833,0.8461538461538461,0.8400000000000001,8,2,4,log_loss,1.0,random_over,0.3,,none,
s48|smote|r=0.3|k=3|cal=none|folds=None,48,0.3634558990869773,0.05577346601551124,0.11275464784909786,0.7812592592592592,0.18607978016197274,0.15666666666666665,0.029413113495306085,0.8251748251748253,0.8800000000000001,8,1,4,log_loss,0.7,smote,0.3,3.0,none,
s69|smote|r=0.2|k=3|cal=none|folds=None,69,0.3634860872020845,0.05426754289544223,0.11165943728194427,0.773437908496732,0.1630114580978725,0.15666666666666665,0.00634479143120587,0.8664335664335667,0.9200000000000002,8,2,4,log_loss,1.0,smote,0.2,3.0,none,
s6|random_over|r=0.3|k=None|cal=none|folds=None,6,0.36364807519411735,0.044421564317482023,0.11193876330116392,0.775766448801743,0.1820852727290251,0.15666666666666665,0.025418606062358445,0.8783216783216783,0.86,10,2,3,log_loss,1.0,random_over,0.3,,none,
s48|smote|r=0.3|k=4|cal=none|folds=None,48,0.3637946562061511,0.04523306417854968,0.1137999280926972,0.7808522875816994,0.18475249800318572,0.15666666666666665,0.028085831336519033,0.7811188811188812,0.8,8,1,4,log_loss,0.7,smote,0.3,4.0,none,
s48|balanced_subsample|r=None|k=None|cal=none|folds=None,48,0.36383656564367756,0.052887675042049644,0.1134008932545076,0.7804374727668846,0.19086117232439032,0.15666666666666665,0.03419450565772365,0.9286713286713288,0.9199999999999999,8,1,4,log_loss,0.7,balanced_subsample,,,none,
s6|smote|r=0.3|k=4|cal=none|folds=None,6,0.3640545312217508,0.043978948193889436,0.11341062500358241,0.7774736383442266,0.18145695493332656,0.15666666666666665,0.02479028826665993,0.7958041958041958,0.8600000000000001,10,2,3,log_loss,1.0,smote,0.3,4.0,none,
s69|smote|r=0.3|k=4|cal=none|folds=None,69,0.36415766531620886,0.04680199804411852,0.11401069200526051,0.7797237472766885,0.18260041921705086,0.15666666666666665,0.025933752550384197,0.7545454545454546,0.8600000000000001,8,2,4,log_loss,1.0,smote,0.3,4.0,none,
s53|smote|r=0.3|k=2|cal=none|folds=None,53,0.36416860675497287,0.038762146393670545,0.11336301809609209,0.7887450980392157,0.19793618882827987,0.15666666666666665,0.04126952216161321,0.760839160839161,0.8400000000000001,12,5,4,log_loss,0.7,smote,0.3,2.0,none,
s70|random_over|r=0.3|k=None|cal=none|folds=None,70,0.36436096481582403,0.03676241706061509,0.11284854428534596,0.76919477124183,0.19168964501545363,0.15666666666666665,0.035022978348786975,0.7853146853146854,0.78,5,1,6,log_loss,1.0,random_over,0.3,,none,
s53|random_over|r=0.3|k=None|cal=none|folds=None,53,0.36464782410801483,0.035727269257220626,0.11175381047273883,0.7839450980392157,0.19647807240870013,0.15666666666666665,0.03981140574203347,0.8664335664335665,1.0,12,5,4,log_loss,0.7,random_over,0.3,,none,
s46|smote|r=0.2|k=3|cal=none|folds=None,46,0.36473654891558466,0.055517176721543514,0.11191164041747956,0.7769594771241831,0.1636162691259901,0.15666666666666665,0.0069496024593234205,0.9167832167832168,0.9200000000000002,10,2,6,log_loss,0.7,smote,0.2,3.0,none,
s53|smote|r=0.2|k=2|cal=none|folds=None,53,0.3650924023426082,0.04072217098579716,0.11223344560671596,0.784088017429194,0.16302974295238076,0.15666666666666665,0.0063630762857140866,0.890909090909091,1.0,12,5,4,log_loss,0.7,smote,0.2,2.0,none,
s6|smote|r=0.3|k=3|cal=none|folds=None,6,0.36533317371583457,0.05539767350358196,0.11344809402017524,0.785037908496732,0.18319908401546983,0.15666666666666665,0.026532417348803176,0.788811188811189,0.86,10,2,3,log_loss,1.0,smote,0.3,3.0,none,
s41|random_over|r=0.3|k=None|cal=none|folds=None,41,0.3653392835295829,0.040003255981786646,0.1117659038646965,0.7727233115468409,0.19470451695730606,0.15666666666666665,0.03803785029063942,0.783916083916084,0.8200000000000001,5,1,3,log_loss,1.0,random_over,0.3,,none,
s20|smote|r=0.3|k=2|cal=none|folds=None,20,0.3653785479136987,0.05305020323203662,0.11362941684681716,0.7796949891067538,0.18756840132811783,0.15666666666666665,0.03090173466145117,0.8272727272727274,0.8800000000000001,8,1,4,log_loss,1.0,smote,0.3,2.0,none,
s69|smote|r=0.3|k=3|cal=none|folds=None,69,0.3654182243355043,0.055968120129970156,0.11361160829491952,0.7790021786492376,0.1842848442984999,0.15666666666666665,0.027618177631833236,0.7951048951048951,0.8,8,2,4,log_loss,1.0,smote,0.3,3.0,none,
s20|balanced_subsample|r=None|k=None|cal=none|folds=None,20,0.36544019142513656,0.05275491109761854,0.11555252826439459,0.7864662309368192,0.20120656701785186,0.15666666666666665,0.04453990035118521,0.9055944055944056,0.9200000000000002,8,1,4,log_loss,1.0,balanced_subsample,,,none,
s70|smote|r=0.3|k=4|cal=none|folds=None,70,0.3659592591802707,0.040480553332662914,0.11434310531926213,0.7750379084967319,0.1866215023143903,0.15666666666666665,0.0299548356477236,0.7174825174825176,0.7,5,1,6,log_loss,1.0,smote,0.3,4.0,none,
s20|smote|r=0.2|k=3|cal=none|folds=None,20,0.36627358013586403,0.05869054233354504,0.11245364874328326,0.7638806100217865,0.1642371878426982,0.15666666666666665,0.007570521176031533,0.8762237762237763,0.86,8,1,4,log_loss,1.0,smote,0.2,3.0,none,
s20|smote|r=0.3|k=4|cal=none|folds=None,20,0.366349778415973,0.04779224790525964,0.11436407269925934,0.7800453159041394,0.1810164244592929,0.15666666666666665,0.024349757792626252,0.7790209790209791,0.8600000000000001,8,1,4,log_loss,1.0,smote,0.3,4.0,none,
s48|smote|r=0.4|k=2|cal=none|folds=None,48,0.3664769746954769,0.04621482114938413,0.11525837346230508,0.7912165577342047,0.21023137071049858,0.15666666666666665,0.05356470404383192,0.7727272727272728,0.8,8,1,4,log_loss,0.7,smote,0.4,2.0,none,
s53|smote|r=0.3|k=4|cal=none|folds=None,53,0.3665611557817929,0.03844796457604946,0.11436698586554832,0.7870309368191721,0.1923647754492383,0.15666666666666665,0.035698108782571666,0.7790209790209792,0.8400000000000001,12,5,4,log_loss,0.7,smote,0.3,4.0,none,
s70|smote|r=0.3|k=3|cal=none|folds=None,70,0.3667918958314581,0.04781461413198756,0.11395789683955097,0.7717803921568628,0.18934886166547246,0.15666666666666665,0.0326821949988058,0.7244755244755245,0.74,5,1,6,log_loss,1.0,smote,0.3,3.0,none,
s46|balanced|r=None|k=None|cal=none|folds=None,46,0.36683144960164027,0.05145951334639539,0.11437270841297595,0.7787233115468408,0.18914807497622457,0.15666666666666665,0.03248140830955789,0.9426573426573428,0.9200000000000002,10,2,6,log_loss,0.7,balanced,,,none,
s46|smote|r=0.3|k=4|cal=none|folds=None,46,0.36730680596643633,0.04929151820977647,0.11471046238855032,0.7792165577342047,0.18530706098980704,0.15666666666666665,0.02864039432314035,0.806993006993007,0.8800000000000001,10,2,6,log_loss,0.7,smote,0.3,4.0,none,
s46|random_over|r=0.3|k=None|cal=none|folds=None,46,0.36776663532706033,0.04623836105317437,0.11310002877027528,0.7703808278867103,0.18748775854714678,0.15666666666666665,0.03082109188048014,0.8783216783216785,0.86,10,2,6,log_loss,0.7,random_over,0.3,,none,
s53|smote|r=0.3|k=3|cal=none|folds=None,53,0.36798858825347264,0.046889114460207354,0.11371993298858633,0.7792662309368191,0.192201528645274,0.15666666666666665,0.03553486197860738,0.7510489510489511,0.86,12,5,4,log_loss,0.7,smote,0.3,3.0,none,
s41|smote|r=0.3|k=4|cal=none|folds=None,41,0.36858378093482536,0.04324394506735326,0.11394161008695303,0.7768592592592591,0.18997784306645132,0.15666666666666665,0.033311176399784675,0.6937062937062938,0.72,5,1,3,log_loss,1.0,smote,0.3,4.0,none,
s6|smote|r=0.4|k=2|cal=none|folds=None,6,0.36874634888602376,0.047266436311127626,0.11629731799284233,0.7914666666666668,0.20419932460489618,0.15666666666666665,0.04753265793822949,0.788811188811189,0.8,10,2,3,log_loss,1.0,smote,0.4,2.0,none,
s41|smote|r=0.3|k=3|cal=none|folds=None,41,0.36884549147934836,0.048812650068778614,0.1133380851646767,0.7720732026143791,0.19247530007185415,0.15666666666666665,0.03580863340518748,0.7076923076923078,0.7,5,1,3,log_loss,1.0,smote,0.3,3.0,none,
s6|random_over|r=0.4|k=None|cal=none|folds=None,6,0.3691878573228341,0.04222324461422642,0.11451285011500585,0.7759520697167755,0.19997730471421407,0.15666666666666665,0.04331063804754738,0.8867132867132869,0.86,10,2,3,log_loss,1.0,random_over,0.4,,none,
s46|smote|r=0.3|k=3|cal=none|folds=None,46,0.3692101802108775,0.05897660587521911,0.114707900391627,0.775044880174292,0.185721759111631,0.15666666666666665,0.02905509244496434,0.7965034965034967,0.86,10,2,6,log_loss,0.7,smote,0.3,3.0,none,
s20|smote|r=0.4|k=2|cal=none|folds=None,20,0.36939403360696693,0.049579771329984375,0.1171569580277668,0.7792305010893246,0.2030948868563048,0.15666666666666665,0.046428220189638145,0.753846153846154,0.76,8,1,4,log_loss,1.0,smote,0.4,2.0,none,
s6|balanced_subsample|r=None|k=None|cal=none|folds=None,6,0.3695976033950653,0.05048266009995607,0.11577031233778283,0.7816305010893246,0.20407581898029697,0.15666666666666665,0.047409152313630305,0.9146853146853147,0.8800000000000001,10,2,3,log_loss,1.0,balanced_subsample,,,none,
s46|balanced_subsample|r=None|k=None|cal=none|folds=None,46,0.369639330006916,0.0556863319836288,0.11454032890424655,0.7689873638344226,0.18762678147063602,0.15666666666666665,0.030960114803969374,0.9321678321678322,0.8800000000000001,10,2,6,log_loss,0.7,balanced_subsample,,,none,
s48|random_over|r=0.4|k=None|cal=none|folds=None,48,0.3697067318208129,0.038725988338485555,0.11525968412322449,0.773916339869281,0.20952033127676156,0.15666666666666665,0.05285366461009491,0.8720279720279722,1.0,8,1,4,log_loss,0.7,random_over,0.4,,none,
s70|smote|r=0.4|k=2|cal=none|folds=None,70,0.36982387948594103,0.03875584603890466,0.11605722912619403,0.7861307189542484,0.2186176621476797,0.15666666666666665,0.06195099548101304,0.7342657342657344,0.8,5,1,6,log_loss,1.0,smote,0.4,2.0,none,
s6|balanced|r=None|k=None|cal=none|folds=None,6,0.36996148423665515,0.053476245855501287,0.11590874049688867,0.7837019607843138,0.2046842689538711,0.15666666666666665,0.04801760228720442,0.9314685314685317,0.8800000000000001,10,2,3,log_loss,1.0,balanced,,,none,
s20|smote|r=0.3|k=3|cal=none|folds=None,20,0.3701843601117786,0.06036179191061105,0.11530195025252174,0.7695163398692811,0.18340994877817918,0.15666666666666665,0.026743282111512508,0.8006993006993008,0.86,8,1,4,log_loss,1.0,smote,0.3,3.0,none,
s20|smote|r=0.4|k=3|cal=none|folds=None,20,0.3701976974194511,0.049967136822414875,0.11524991276744634,0.775044880174292,0.20184823624016812,0.15666666666666665,0.04518156957350146,0.7573426573426574,0.78,8,1,4,log_loss,1.0,smote,0.4,3.0,none,
s69|random_over|r=0.4|k=None|cal=none|folds=None,69,0.3704435423005822,0.04374145879309021,0.11546692343949243,0.7683590413943355,0.20565466682407116,0.15666666666666665,0.04898800015740449,0.827972027972028,0.9199999999999999,8,2,4,log_loss,1.0,random_over,0.4,,none,
s6|smote|r=0.4|k=3|cal=none|folds=None,6,0.37065903241551756,0.04558574857490593,0.11564542791522596,0.7745376906318083,0.20065411241398773,0.15666666666666665,0.043987445747321066,0.7678321678321679,0.8600000000000001,10,2,3,log_loss,1.0,smote,0.4,3.0,none,
s20|random_over|r=0.4|k=None|cal=none|folds=None,20,0.3709496586024118,0.04666281641477208,0.11536057741515233,0.7676017429193899,0.20355628487594787,0.15666666666666665,0.04688961820928124,0.8440559440559442,0.9199999999999999,8,1,4,log_loss,1.0,random_over,0.4,,none,
s46|smote|r=0.4|k=3|cal=none|folds=None,46,0.37122119003641313,0.050590709014481774,0.11687030200841564,0.7694945533769063,0.20405378615729947,0.15666666666666665,0.04738711949063286,0.7685314685314686,0.8400000000000001,10,2,6,log_loss,0.7,smote,0.4,3.0,none,
s46|random_over|r=0.4|k=None|cal=none|folds=None,46,0.37135451560086563,0.04136947320440229,0.11573381055896048,0.7751163398692811,0.20686735320266442,0.15666666666666665,0.050200686535997754,0.8937062937062936,1.0,10,2,6,log_loss,0.7,random_over,0.4,,none,
s70|smote|r=0.4|k=3|cal=none|folds=None,70,0.3714447608826816,0.03998849287501471,0.11631100236457825,0.774251851851852,0.2174742270844064,0.15666666666666665,0.060807560417739714,0.6951048951048951,0.7,5,1,6,log_loss,1.0,smote,0.4,3.0,none,
s53|random_over|r=0.4|k=None|cal=none|folds=None,53,0.37168653439089355,0.03355136173083505,0.11523405677309854,0.7813307189542484,0.22197935146889725,0.15666666666666665,0.06531268480223063,0.8405594405594407,0.9199999999999999,12,5,4,log_loss,0.7,random_over,0.4,,none,
s69|smote|r=0.4|k=3|cal=none|folds=None,69,0.3717330567341209,0.04988744796871818,0.11595504984541576,0.771923311546841,0.20518802223997884,0.15666666666666665,0.04852135557331221,0.7461538461538462,0.78,8,2,4,log_loss,1.0,smote,0.4,3.0,none,
s46|smote|r=0.4|k=2|cal=none|folds=None,46,0.3724044253727678,0.05062766317328356,0.1185261626085008,0.7848592592592594,0.20783026667302096,0.15666666666666665,0.05116360000635427,0.718881118881119,0.76,10,2,6,log_loss,0.7,smote,0.4,2.0,none,
s69|balanced|r=None|k=None|cal=none|folds=None,69,0.3724073791042111,0.04817114128195268,0.1175623157270445,0.7862091503267974,0.21780811387648527,0.15666666666666665,0.06114144720981858,0.8881118881118881,0.9200000000000002,8,2,4,log_loss,1.0,balanced,,,none,
s69|smote|r=0.4|k=2|cal=none|folds=None,69,0.37298859316176425,0.0507097778994471,0.11783999641711174,0.7741089324618737,0.20671059730325508,0.15666666666666665,0.05004393063658841,0.7699300699300701,0.82,8,2,4,log_loss,1.0,smote,0.4,2.0,none,
s48|smote|r=0.4|k=3|cal=none|folds=None,48,0.3731438763645175,0.0479076759812558,0.11654751607152755,0.7657089324618738,0.2066078797860739,0.15666666666666665,0.04994121311940723,0.755944055944056,0.8,8,1,4,log_loss,0.7,smote,0.4,3.0,none,
s53|smote|r=0.4|k=2|cal=none|folds=None,53,0.3731688337586571,0.03913878142386805,0.11676921242399504,0.7843520697167758,0.22175682179419148,0.15666666666666665,0.0650901551275248,0.7041958041958043,0.78,12,5,4,log_loss,0.7,smote,0.4,2.0,none,
s69|balanced_subsample|r=None|k=None|cal=none|folds=None,69,0.37350642575762916,0.05275006316282459,0.11805354353806899,0.7826161220043574,0.21759067841678864,0.15666666666666665,0.060924011750121985,0.8867132867132869,0.9200000000000002,8,2,4,log_loss,1.0,balanced_subsample,,,none,
s70|random_over|r=0.4|k=None|cal=none|folds=None,70,0.3738171823743693,0.034312638883516024,0.11598815589691018,0.7711590413943354,0.21834559276183657,0.15666666666666665,0.06167892609516988,0.7671328671328672,0.76,5,1,6,log_loss,1.0,random_over,0.4,,none,
s46|smote|r=0.4|k=4|cal=none|folds=None,46,0.37449999603919004,0.04302808907672866,0.11904756363201319,0.7771381263616558,0.20362581906540833,0.15666666666666665,0.046959152398741676,0.834965034965035,0.9200000000000002,10,2,6,log_loss,0.7,smote,0.4,4.0,none,
s41|random_over|r=0.4|k=None|cal=none|folds=None,41,0.37450445304945335,0.035946612520993494,0.11514439919223932,0.7726945533769063,0.2252792589999686,0.15666666666666665,0.06861259233330194,0.7902097902097904,0.74,5,1,3,log_loss,1.0,random_over,0.4,,none,
s41|smote|r=0.4|k=2|cal=none|folds=None,41,0.3750635564790358,0.04033587822280581,0.11629331967463172,0.7830091503267974,0.22534671810083076,0.15666666666666665,0.0686800514341641,0.7391608391608392,0.74,5,1,3,log_loss,1.0,smote,0.4,2.0,none,
s53|smote|r=0.4|k=3|cal=none|folds=None,53,0.375227779181828,0.04214050469912245,0.11713652505920336,0.7748732026143792,0.21771133872697904,0.15666666666666665,0.06104467206031235,0.6986013986013988,0.74,12,5,4,log_loss,0.7,smote,0.4,3.0,none,
s6|smote|r=0.4|k=4|cal=none|folds=None,6,0.37552441708225237,0.04325640226589246,0.11848570939814762,0.7672305010893246,0.20020229580266546,0.15666666666666665,0.04353562913599878,0.8636363636363636,1.0,10,2,3,log_loss,1.0,smote,0.4,4.0,none,
s41|smote|r=0.4|k=3|cal=none|folds=None,41,0.37632215074354963,0.04177162280478389,0.11653980925513452,0.7688444444444443,0.21915227538243087,0.15666666666666665,0.06248560871576421,0.7314685314685315,0.6799999999999999,5,1,3,log_loss,1.0,smote,0.4,3.0,none,
s69|smote|r=0.4|k=4|cal=none|folds=None,69,0.3772974085428493,0.04082872575506587,0.11943306380091279,0.7643947712418301,0.20241278980192567,0.15666666666666665,0.04574612313525902,0.7867132867132868,0.8400000000000001,8,2,4,log_loss,1.0,smote,0.4,4.0,none,
s48|smote|r=0.4|k=4|cal=none|folds=None,48,0.37732812682488504,0.04244455649464864,0.11896813157608863,0.7651163398692811,0.20422467335408276,0.15666666666666665,0.04755800668741613,0.8587412587412588,0.9200000000000002,8,1,4,log_loss,0.7,smote,0.4,4.0,none,
s70|smote|r=0.4|k=4|cal=none|folds=None,70,0.3781594696506927,0.0387824697564128,0.11980070908706564,0.7668305010893246,0.21363424705704656,0.15666666666666665,0.05696758039037991,0.7608391608391609,0.74,5,1,6,log_loss,1.0,smote,0.4,4.0,none,
s41|smote|r=0.4|k=4|cal=none|folds=None,41,0.37981490448011435,0.03670029585338216,0.11889344734653988,0.7680662309368191,0.21892223812268127,0.15666666666666665,0.06225557145601464,0.7503496503496504,0.78,5,1,3,log_loss,1.0,smote,0.4,4.0,none,
s53|smote|r=0.4|k=4|cal=none|folds=None,53,0.3808723648198116,0.03584814144323819,0.12036195399417944,0.7730736383442265,0.21623907603716655,0.15666666666666665,0.059572409370499915,0.7762237762237761,0.8600000000000001,12,5,4,log_loss,0.7,smote,0.4,4.0,none,
s20|smote|r=0.4|k=4|cal=none|folds=None,20,0.3808941389398187,0.04735620593104604,0.12018401290007372,0.7605446623093682,0.1995330293725918,0.15666666666666665,0.04286636270592513,0.8062937062937063,0.9200000000000002,8,1,4,log_loss,1.0,smote,0.4,4.0,none,
s6|smote|r=0.7|k=10|cal=none|folds=None,6,0.3915402809872629,0.046259042841777134,0.12502715520572433,0.7667947712418302,0.22949290484905505,0.15666666666666665,0.07282623818238836,0.525874125874126,0.6599999999999999,10,2,3,log_loss,1.0,smote,0.7,10.0,none,
s53|balanced|r=None|k=None|cal=none|folds=None,53,0.3955106429755339,0.034903458528342146,0.12445709735616325,0.7814448801742919,0.2572921130619489,0.15666666666666665,0.10062544639528219,0.8888111888111888,0.8800000000000001,12,5,4,log_loss,0.7,balanced,,,none,
s53|balanced_subsample|r=None|k=None|cal=none|folds=None,53,0.39571608130904556,0.036446786543189086,0.12447229618633024,0.7850806100217865,0.2574883011010128,0.15666666666666665,0.10082163443434615,0.8888111888111888,0.8800000000000001,12,5,4,log_loss,0.7,balanced_subsample,,,none,
s46|smote|r=0.7|k=10|cal=none|folds=None,46,0.39694957704155465,0.04704298060804986,0.12844817769398692,0.7627590413943356,0.2337267948570505,0.15666666666666665,0.07706012819038385,0.45384615384615384,0.6799999999999999,10,2,6,log_loss,0.7,smote,0.7,10.0,none,
s69|smote|r=0.7|k=10|cal=none|folds=None,69,0.39790865644829215,0.04614260903932263,0.12802546775775198,0.7632732026143791,0.23410332744979248,0.15666666666666665,0.07743666078312582,0.5153846153846154,0.72,8,2,4,log_loss,1.0,smote,0.7,10.0,none,
s48|smote|r=0.7|k=10|cal=none|folds=None,48,0.3979681721690505,0.04726299485088132,0.12794554741513728,0.7585159041394335,0.23907512877697004,0.15666666666666665,0.08240846211030338,0.5076923076923078,0.72,8,1,4,log_loss,0.7,smote,0.7,10.0,none,
s53|smote|r=0.7|k=10|cal=none|folds=None,53,0.39889035176624194,0.044371564552578624,0.12752235402253537,0.7707590413943355,0.2514420883939774,0.15666666666666665,0.09477542172731075,0.5237762237762238,0.74,12,5,4,log_loss,0.7,smote,0.7,10.0,none,
s20|smote|r=0.7|k=10|cal=none|folds=None,20,0.39995250032971946,0.047212519516651154,0.12911092867616336,0.7614945533769063,0.23167194565346208,0.15666666666666665,0.0750052789867954,0.5335664335664336,0.72,8,1,4,log_loss,1.0,smote,0.7,10.0,none,
s70|balanced_subsample|r=None|k=None|cal=none|folds=None,70,0.4065697063185321,0.042495688157536904,0.13141790454080998,0.7729943355119826,0.2720359056223859,0.15666666666666665,0.11536923895571922,0.8503496503496505,0.9200000000000002,5,1,6,log_loss,1.0,balanced_subsample,,,none,
s70|balanced|r=None|k=None|cal=none|folds=None,70,0.4078099257791076,0.042275342343703615,0.13193076474431464,0.7666727668845316,0.2716812053167064,0.15666666666666665,0.11501453865003977,0.862937062937063,0.9200000000000002,5,1,6,log_loss,1.0,balanced,,,none,
s70|smote|r=0.7|k=10|cal=none|folds=None,70,0.4103113882177434,0.04833382679382535,0.1331730972837249,0.7563015250544662,0.2558496702891266,0.15666666666666665,0.09918300362245991,0.6034965034965035,0.6399999999999999,5,1,6,log_loss,1.0,smote,0.7,10.0,none,
s41|smote|r=0.7|k=10|cal=none|folds=None,41,0.414850244744994,0.04339254800095326,0.13361433063867142,0.756487145969499,0.2704281257342781,0.15666666666666665,0.11376145906761145,0.672027972027972,0.7,5,1,3,log_loss,1.0,smote,0.7,10.0,none,
s41|balanced_subsample|r=None|k=None|cal=none|folds=None,41,0.4184074273271473,0.04079542156885816,0.13386644651183027,0.771037037037037,0.2873923734780371,0.15666666666666665,0.13072570681137044,0.862937062937063,0.9200000000000002,5,1,3,log_loss,1.0,balanced_subsample,,,none,
s41|balanced|r=None|k=None|cal=none|folds=None,41,0.4190141225745895,0.04090399816583422,0.13395825506169007,0.7671511982570806,0.28719556719433215,0.15666666666666665,0.13052890052766547,0.846853146853147,0.9200000000000002,5,1,3,log_loss,1.0,balanced,,,none,
